"","Season","Date","HomeTeam","AwayTeam","HTR","GoalsHome","GoalsAway","Result","Last1ResultHome","Last2ResultHome","Last3ResultHome","Last4ResultHome","Last5ResultHome","Last1ResultAway","Last2ResultAway","Last3ResultAway","Last4ResultAway","Last5ResultAway","Last1ResultHome_Homegame","Last2ResultHome_Homegame","Last3ResultHome_Homegame","Last4ResultHome_Homegame","Last5ResultHome_Homegame","Last1ResultAway_Awaygame","Last2ResultAway_Awaygame","Last3ResultAway_Awaygame","Last4ResultAway_Awaygame","Last5ResultAway_Awaygame","Last1Confrontations","Last2Confrontations","Last3Confrontations","Last4Confrontations","Last5Confrontations","Last1ConfrontationsPlus","Last2ConfrontationsPlus","Last3ConfrontationsPlus","Last4ConfrontationsPlus","Last5ConfrontationsPlus","DiffGoalsLast1Game","DiffGoalsLast2Game","DiffGoalsLast3Game","DiffGoalsLast4Game","DiffGoalsLast5Game","DiffGoalsLast1GameHomeAway","DiffGoalsLast2GameHomeAway","DiffGoalsLast3GameHomeAway","DiffGoalsLast4GameHomeAway","DiffGoalsLast5GameHomeAway","DiffGoalsConcLast1Game","DiffGoalsConcLast2Game","DiffGoalsConcLast3Game","DiffGoalsConcLast4Game","DiffGoalsConcLast5Game","DiffGoalsConcLast1GameHomeAway","DiffGoalsConcLast2GameHomeAway","DiffGoalsConcLast3GameHomeAway","DiffGoalsConcLast4GameHomeAway","DiffGoalsConcLast5GameHomeAway","Last1HalfTimeHome","Last2HalfTimeHome","Last3HalfTimeHome","Last4HalfTimeHome","Last5HalfTimeHome","Last1HalfTimeAway","Last2HalfTimeAway","Last3HalfTimeAway","Last4HalfTimeAway","Last5HalfTimeAway","Last1HalfTimeHome_HomeGame","Last2HalfTimeHome_HomeGame","Last3HalfTimeHome_HomeGame","Last4HalfTimeHome_HomeGame","Last5HalfTimeHome_HomeGame","Last1HalfTimeAway_AwayGame","Last2HalfTimeAway_AwayGame","Last3HalfTimeAway_AwayGame","Last4HalfTimeAway_AwayGame","Last5HalfTimeAway_AwayGame","Last1BetterAfterHT_Home","Last2BetterAfterHT_Home","Last3BetterAfterHT_Home","Last4BetterAfterHT_Home","Last5BetterAfterHT_Home","Last1BetterAfterHT_Away","Last2BetterAfterHT_Away","Last3BetterAfterHT_Away","Last4BetterAfterHT_Away","Last5BetterAfterHT_Away","Last1BetterAfterHT_Home_HomeGame","Last2BetterAfterHT_Home_HomeGame","Last3BetterAfterHT_Home_HomeGame","Last4BetterAfterHT_Home_HomeGame","Last5BetterAfterHT_Home_HomeGame","Last1BetterAfterHT_Away_AwayGame","Last2BetterAfterHT_Away_AwayGame","Last3BetterAfterHT_Away_AwayGame","Last4BetterAfterHT_Away_AwayGame","Last5BetterAfterHT_Away_AwayGame","Last1CleanSheetHome","Last2CleanSheetHome","Last3CleanSheetHome","Last4CleanSheetHome","Last5CleanSheetHome","Last1CleanSheetAway","Last2CleanSheetAway","Last3CleanSheetAway","Last4CleanSheetAway","Last5CleanSheetAway","Last1CleanSheetHome_HomeGame","Last2CleanSheetHome_HomeGame","Last3CleanSheetHome_HomeGame","Last4CleanSheetHome_HomeGame","Last5CleanSheetHome_HomeGame","Last1CleanSheetAway_AwayGame","Last2CleanSheetAway_AwayGame","Last3CleanSheetAway_AwayGame","Last4CleanSheetAway_AwayGame","Last5CleanSheetAway_AwayGame","Last1Win2DiffHome","Last2Win2DiffHome","Last3Win2DiffHome","Last4Win2DiffHome","Last5Win2DiffHome","Last1Win2DiffAway","Last2Win2DiffAway","Last3Win2DiffAway","Last4Win2DiffAway","Last5Win2DiffAway","Last1Loss2DiffHome","Last2Loss2DiffHome","Last3Loss2DiffHome","Last4Loss2DiffHome","Last5Loss2DiffHome","Last1Loss2DiffAway","Last2Loss2DiffAway","Last3Loss2DiffAway","Last4Loss2DiffAway","Last5Loss2DiffAway","LeagueStandings","Rankscore","Powerscore","Odds_Home","Odds_Away","Odds_Draw","BetVictorH","BetVictorD","BetVictorA","tenBetH","tenBetD","tenBetA","EighteenBetH","EighteenBetD","EighteenBetA","UnibetH","UnibetD","UnibetA","bwinH","bwinD","bwinA","PinnacleH","PinnacleD","PinnacleA"
"672",8,"2016-04-11","Finn Harps","St. Patricks","D",1,2,"A",-1,0,0,-1,-2,0,-1,0,1,2,1,0,1,2,2,1,2,3,2,3,0,0,0,0,0,0,0,0,0,0,-1,0,-1,-4,-5,-1,-2,-1,4,1,0,-4,-3,-2,1,0,1,2,3,3,0,0,-1,-1,-2,-1,-2,-1,0,0,0,0,1,0,0,1,1,2,1,2,0,1,2,2,2,1,1,1,1,2,1,1,1,2,2,0,1,1,1,1,0,1,1,1,1,0,0,1,2,3,1,1,1,1,1,1,2,3,3,4,0,0,0,0,0,0,0,1,2,2,0,0,0,0,1,0,1,1,1,1,2,-85.6878649762501,-0.181964380000004,4.4,1.9,3.3,4.4,3.3,1.9,4.55,3.15,1.87,3.88,3.17,1.95,4.25,3.25,1.9,4.1,3.1,1.87,4.95,3.29,1.93
"673",8,"2016-04-15","Bohemians","Shamrock Rovers","A",0,4,"A",1,2,1,1,0,-1,0,-1,0,1,1,1,2,1,2,-1,0,1,2,2,0,1,1,1,1,1.4,4.4,5.8,6.8,8.2,2,2,2,4,2,2,4,3,1,1,-3,-3,-4,-1,2,-3,0,0,1,-1,1,2,2,2,1,-1,0,-1,-1,-1,1,1,2,2,3,-1,-1,0,1,2,0,0,0,0,0,0,0,0,1,2,0,0,0,0,0,0,1,1,1,1,1,2,2,2,2,0,1,1,2,3,1,1,2,2,3,0,1,2,3,3,1,2,2,2,2,0,1,1,1,2,0,0,0,0,1,1,1,2,2,2,2,-122.65612233875,-0.164703020000001,3.4,2.3,3,3.4,3,2.3,3.25,3,2.3,3.2,2.9,2.36,3.35,3.1,2.2,3,3.1,2.25,3.43,3.13,2.41
"674",8,"2016-04-15","Dundalk","Sligo Rovers","H",1,0,"H",1,1,2,1,2,0,0,-1,-1,-1,0,-1,0,1,1,0,-1,-2,-1,-1,0,1,2,2,3,1,5.2,8.2,9.6,12.6,3,4,8,7,8,0,0,3,5,4,-1,0,-4,-4,-4,0,-3,-4,-4,-5,1,2,3,3,4,1,1,1,2,3,1,1,2,3,3,1,1,0,0,0,0,0,0,0,0,0,0,0,0,0,0,0,0,0,0,0,0,0,1,1,1,1,2,2,2,0,1,1,1,1,0,0,1,2,3,0,0,0,1,1,1,1,2,2,2,0,0,0,0,0,0,0,0,0,0,0,0,1,1,1,-9,363.91436140625,1.52370969999999,1.29,11,5.5,1.29,5.5,11,1.23,5.45,12.25,1.29,4.87,10.57,1.27,5,10,1.28,5,8.5,1.28,5.94,13.58
"675",8,"2016-04-15","Finn Harps","Bray","H",1,0,"H",-1,-2,-1,-1,-2,-1,-2,-1,-1,-2,-1,0,-1,0,1,-1,-1,-2,-3,-4,0,0,0,0,0,0,0,0,0,0,1,1,-2,-2,-2,1,1,1,3,7,0,-1,-1,-1,-3,0,-1,-4,-7,-7,0,0,0,-1,-1,-1,-2,-2,-2,-3,0,0,0,1,0,-1,-1,-1,-2,-3,0,0,1,2,2,0,0,1,1,1,0,1,1,1,2,0,0,0,0,0,0,0,1,1,1,0,0,1,1,1,0,1,1,1,1,0,0,0,0,0,0,0,0,0,0,0,0,1,1,1,0,0,0,0,0,1,2,2,2,3,-3,87.3420347287499,0.388073797999997,2.7,2.8,3,2.7,3,2.8,2.6,3,2.8,2.65,2.99,2.71,2.5,3.1,2.85,2.4,3,2.85,2.71,3.15,2.95
"676",8,"2016-04-15","Galway","Cork City","H",2,2,"D",1,0,1,0,0,0,0,1,2,1,1,2,3,2,1,0,1,0,1,2,-1,-2,-3,-3,-4,0,0,0,1,1,0,0,0,-5,-4,1,1,5,4,3,-1,1,1,3,3,0,0,-1,0,2,0,-1,-1,0,-1,-1,-1,-1,0,0,0,0,0,-1,-2,0,0,0,0,1,1,1,2,2,3,1,1,2,2,2,1,2,3,3,3,0,1,1,2,2,1,1,2,2,2,0,1,2,3,3,1,2,3,3,3,1,2,2,3,3,0,0,0,0,0,0,0,0,1,1,0,1,1,1,1,0,0,0,0,0,-2,12.8455473795,-0.2956474,4.8,1.8,3.4,4.8,3.4,1.8,4.5,3.3,1.8,4.28,3.27,1.84,4.5,3.4,1.8,4.5,3.4,1.72,4.91,3.52,1.86
"677",8,"2016-04-15","St. Patricks","Wexford","H",4,0,"H",1,1,0,1,2,0,1,0,0,-1,0,-1,0,-1,-2,0,0,-1,-1,-1,0,0,0,0,0,0,0,0,0,0,1,0,-1,-2,0,0,-3,0,1,1,0,1,3,0,-2,0,1,-1,2,4,0,-1,-2,-1,0,1,2,2,2,1,-1,-2,-1,-1,-1,1,1,1,1,1,1,2,2,2,2,0,0,0,0,0,1,1,1,1,1,0,0,0,0,0,0,0,0,1,2,0,1,1,1,1,0,0,1,1,1,0,0,0,0,0,0,0,0,1,2,0,1,1,1,1,0,0,1,1,1,0,0,0,0,0,-4,221.10770924175,0.178005341999999,1.75,4.5,3.75,1.75,3.75,4.5,1.71,3.6,4.7,1.75,3.57,4.33,1.7,3.65,4.55,1.75,3.2,4.6,1.77,3.81,5.08
"678",8,"2016-04-16","Longford","Derry City","H",1,1,"D",-1,-2,-3,-3,-4,1,1,2,3,4,-1,-1,-2,-1,-1,0,1,2,1,0,1,0,0,0,0,3,3,4,4,4,-3,-4,-6,-7,-10,-1,-2,-5,-2,-3,4,5,5,5,11,3,3,4,4,1,-1,-2,-2,-2,-3,1,0,0,-1,0,-1,-1,-1,0,0,-1,-1,0,-1,-2,0,0,0,0,0,0,1,2,3,3,0,0,0,0,0,1,2,2,2,2,0,0,0,0,0,1,1,1,1,2,0,0,0,0,0,0,0,1,1,1,0,0,0,0,0,1,1,1,1,2,1,2,2,2,3,0,0,0,0,0,10,-488.9916292175,-1.80238294,6,1.57,3.9,6,3.9,1.57,5.45,3.75,1.61,5.45,3.83,1.57,6,3.85,1.55,5.5,3.6,1.55,5.76,3.95,1.67
"679",8,"2016-04-22","Cork City","Finn Harps","H",3,1,"H",0,0,0,1,2,1,0,-1,0,0,0,1,2,2,1,-1,-1,-2,-3,-2,0,0,0,0,0,0,0,0,0,0,1,1,1,1,6,1,6,8,10,11,2,1,0,0,-1,0,-1,-4,-3,0,-1,-2,-2,-2,-1,1,1,1,1,0,-1,0,0,0,-1,0,-1,-2,-3,-2,1,2,2,3,3,0,0,0,1,2,1,1,2,2,2,0,1,1,1,1,0,0,1,2,3,1,1,1,2,2,0,1,2,2,2,0,0,0,0,1,0,0,0,0,1,0,0,0,0,0,0,0,0,0,0,0,0,0,0,0,-1,203.353125088163,0.806152481799998,1.17,19,6.5,1.17,6.5,19,1.17,6.25,16,1.19,6.1,13.17,1.2,6,12,1.2,5.5,11.5,1.22,6.81,18.14
"680",8,"2016-04-22","Derry City","Bohemians","H",1,0,"H",0,1,1,2,3,-1,0,1,0,0,1,2,3,2,3,1,0,-1,-2,-1,-1,-2,-3,-4,-3,0,0,0,0,3,1,2,1,3,2,1,3,4,6,6,-3,-3,-2,-2,-4,0,0,-3,-2,-3,-1,0,-1,-1,-2,-1,0,1,1,1,1,0,0,-1,0,1,1,0,0,1,1,1,2,3,4,0,0,0,0,0,0,1,2,2,2,0,0,0,0,0,0,1,1,1,1,0,1,2,2,2,1,1,2,2,2,1,1,1,1,1,0,1,1,1,1,0,1,2,2,2,0,0,0,0,0,1,1,1,1,1,-5,342.558766441188,1.05632738400001,2.1,3.7,3.2,2.1,3.2,3.7,2.05,3.15,3.65,2.12,3.15,3.42,2.05,3.2,3.6,1.95,3,3.9,2.13,3.3,3.96
"681",8,"2016-04-22","Shamrock Rovers","Dundalk","A",0,2,"A",1,0,1,0,1,1,2,2,3,2,1,0,1,2,2,1,2,3,4,4,0,-1,-1,-1,-2,1,1,2,3.4,3.4,3,-1,0,-4,-3,-2,-6,-6,-4,-5,0,3,2,4,3,0,2,1,3,2,1,0,1,0,0,1,2,3,4,4,1,0,0,-1,-1,1,2,3,4,4,0,0,0,0,1,0,0,0,0,0,0,0,1,2,2,0,0,0,0,0,1,1,2,2,3,1,2,2,3,3,1,1,2,2,2,1,2,2,2,2,1,1,2,2,2,0,1,1,2,2,0,1,1,2,2,0,0,0,0,0,3,-88.6724300630249,-0.453673672000001,3.4,2.25,3.13,3.4,3.13,2.25,3.35,3.1,2.2,3.18,3.08,2.26,3.15,3.2,2.25,3,3.2,2.2,3.69,3.23,2.25
"682",8,"2016-04-22","Wexford","Galway","D",0,2,"A",-1,-1,0,-1,-1,0,1,0,1,0,1,0,-1,-2,-2,-1,-2,-2,-1,-1,0,0,0,0,0,0,0,0,0,0,-2,-2,0,0,2,2,2,2,-1,-2,2,3,1,3,4,-2,-2,-1,0,-1,-1,0,1,1,1,1,1,0,0,1,1,1,0,-1,-1,-1,0,-1,-1,-1,0,0,0,0,0,0,1,1,2,2,0,0,0,0,0,0,0,1,2,2,0,0,1,1,1,0,1,1,2,2,1,1,1,1,1,0,0,0,0,0,0,0,1,1,1,0,0,0,0,0,1,1,1,1,1,0,0,1,1,1,3,-257.3729628955,-0.725460485799996,3.6,2,3.5,3.6,3.5,2,3.65,3.35,2,3.45,3.35,2.03,3.4,3.3,2.1,3.2,3.2,2.1,3.86,3.6,2.05
"683",8,"2016-04-23","Bray","St. Patricks","H",1,0,"H",-1,-2,-3,-2,-2,1,2,2,1,2,-1,0,-1,-2,-2,1,2,3,4,3,-1,0,-1,-2,-3,0,3,3,3,3,-4,-6,-7,-3,-4,-2,0,-1,-1,0,1,2,3,-1,0,1,1,4,7,6,-1,-2,-3,-3,-3,1,1,0,-1,0,-1,-1,-2,-3,-3,0,1,1,2,1,0,0,0,1,1,0,1,2,2,2,0,1,1,1,1,1,1,2,2,2,0,0,0,1,1,1,1,1,1,2,0,1,1,1,1,0,1,2,3,3,0,0,0,1,1,1,1,1,1,2,0,1,2,2,2,0,0,0,1,1,8,-387.321682595288,-1.177037388,4.8,1.75,3.6,4.8,3.6,1.75,4.7,3.55,1.74,4.32,3.52,1.77,4.25,3.5,1.8,4.75,3.25,1.72,5.1,3.77,1.77
"684",8,"2016-04-23","Sligo Rovers","Longford","H",3,0,"H",-1,-1,-1,-2,-2,0,-1,-2,-3,-3,0,0,0,-1,0,-1,-2,-3,-2,-1,0,1,1,1,1,1.4,4.4,5.8,5.8,5.8,-1,0,0,0,0,0,1,2,0,2,0,-3,-5,-2,-2,-2,-2,-7,-5,-2,-1,0,0,0,1,1,0,-1,-1,-1,0,1,2,1,0,-1,-1,-2,-1,0,0,0,0,0,0,0,0,0,0,0,0,0,0,0,1,0,0,0,0,0,0,0,1,1,1,0,0,0,0,0,1,1,1,1,1,0,0,0,1,2,0,0,0,0,0,0,0,0,0,0,0,0,0,1,1,0,1,2,2,2,1,27.6442808718376,0.472047296000003,1.6,6,3.8,1.6,3.8,6,1.57,3.75,5.85,1.6,3.77,5.3,1.6,3.7,5.5,1.62,3.4,5.25,1.61,4.02,6.53
"685",8,"2016-04-25","Cork City","Shamrock Rovers","H",2,0,"H",1,1,1,1,2,-1,0,-1,0,-1,1,1,2,3,3,1,0,1,2,3,-1,-1,-1,0,1,0,1,2.4,5.4,9.6,3,1,2,0,1,-1,0,5,5,5,-1,1,-1,-1,-3,1,-1,-1,-1,1,1,0,-1,-1,-1,-1,0,-1,0,-1,1,0,1,1,1,1,0,0,1,2,0,1,2,2,3,0,0,0,0,0,0,1,1,2,2,0,0,1,1,1,0,0,0,1,2,0,1,1,2,2,0,0,1,2,2,1,1,2,3,4,1,1,1,1,1,0,1,1,2,2,0,0,0,0,0,1,1,2,2,3,-1,74.2655972769874,0.27598756662,1.83,4.75,3.3,1.83,3.3,4.75,1.83,3.25,4.45,1.87,3.28,4.13,1.85,3.4,4.2,1.83,3.25,4,1.9,3.44,4.82
"686",8,"2016-04-29","Bohemians","Dundalk","A",0,2,"A",-1,-2,-1,0,-1,1,2,3,3,4,-1,0,0,1,0,1,2,3,4,5,0,1,0,-1,-2,1,5.2,5.2,5.2,5.2,-2,-3,-5,-4,-8,-2,-4,-5,-6,-9,1,5,5,4,5,4,4,7,6,6,-1,-2,-1,0,0,1,2,3,4,5,-1,0,0,1,1,1,2,3,4,5,0,0,0,0,0,0,0,0,0,0,0,0,0,0,0,0,0,0,0,0,0,0,1,2,2,1,2,3,3,4,0,1,1,2,2,1,2,3,3,3,0,0,1,2,2,1,1,2,2,3,0,1,1,1,1,0,0,0,0,0,7,-475.643217169301,-1.5744359824,1,1,1,NA,NA,NA,NA,NA,NA,NA,NA,NA,NA,NA,NA,NA,NA,NA,NA,NA,NA
"687",8,"2016-04-29","Cork City","St. Patricks","H",1,0,"H",1,2,2,2,2,-1,0,1,1,0,1,2,2,3,4,-1,0,1,2,3,1,2,2,3,2,4.2,7.2,8.6,11.6,11.6,2,1,1,1,1,2,3,2,7,8,-1,0,1,1,-3,-1,-1,0,0,0,1,2,1,0,0,-1,0,0,-1,-2,1,2,1,2,2,-1,-1,0,0,1,0,0,1,2,2,0,0,1,2,2,0,0,1,1,2,0,1,1,2,2,1,1,1,1,2,0,1,1,1,1,1,1,1,2,3,0,0,1,2,3,1,2,2,2,2,0,1,1,1,1,0,0,0,0,0,0,0,0,0,1,-2,138.725449340592,0.549063866157997,1.5,7,4,1.5,4,7,1.47,3.95,7,1.5,4,6.17,1.5,3.8,7,1.45,3.8,6.75,1.51,4.23,8.06
"688",8,"2016-04-29","Derry City","Sligo Rovers","A",0,2,"A",1,1,2,2,3,1,0,0,0,-1,1,2,3,4,3,-1,-1,-2,-3,-2,-1,-1,-1,0,0,0,1,2.4,5.4,6.8,-2,-1,1,2,4,1,3,5,6,6,0,0,-1,0,-3,-1,-2,-5,-6,-3,1,0,1,0,0,1,0,1,1,1,1,2,1,1,0,-1,0,0,-1,-1,0,1,1,2,3,0,0,0,0,0,0,0,1,2,2,0,0,0,0,1,1,1,2,2,2,1,1,1,2,2,1,2,2,3,3,0,0,0,0,1,0,0,1,1,1,1,1,1,1,1,0,0,0,0,0,0,0,0,0,1,-6,449.765328235081,0.751431047200004,2,4,3.2,2,3.2,4,2.05,3.2,3.7,2.09,3.23,3.42,1.95,3.3,3.75,1.95,3.2,3.6,2.12,3.35,3.93
"689",8,"2016-04-29","Galway","Longford","H",2,2,"D",1,1,2,1,2,-1,-1,-2,-3,-4,0,1,2,3,2,-1,-2,-3,-4,-3,1,2,1,1,1,3,7.2,7.2,7.2,7.2,2,3,4,4,5,2,3,4,8,6,-3,-2,-6,-6,-7,-1,-3,-4,-10,-9,0,1,1,0,0,-1,0,-1,-2,-2,1,1,1,1,0,-1,-2,-2,-3,-2,1,1,2,2,3,0,0,0,0,0,0,1,2,3,3,0,0,0,0,0,1,1,2,2,3,0,0,0,0,0,0,1,2,3,3,0,0,0,0,1,1,1,1,1,1,0,0,0,0,0,0,0,0,1,1,1,1,2,3,3,-8,399.019493396411,1.50304286782,1.4,8,4.6,1.4,4.6,8,1.38,4.6,7.5,1.41,4.45,6.83,1.4,4.5,6.5,1.44,4.1,6.25,1.44,4.83,8.17
"690",8,"2016-04-29","Shamrock Rovers","Bray","D",2,0,"H",-1,-2,-1,-2,-1,1,0,-1,-2,-1,-1,0,-1,0,1,-1,-2,-2,-3,-4,0,1,2,3,4,1.4,4.4,8.6,11.6,15.8,-1,-1,3,3,1,0,2,1,3,8,2,3,1,2,2,1,-1,0,-4,-5,-1,-2,-1,-2,-1,1,0,-1,-2,-2,-1,0,-1,-1,-2,-1,-2,-2,-2,-3,0,0,0,0,0,0,0,0,0,1,0,0,0,1,2,0,0,0,0,0,0,0,1,1,2,1,1,1,1,2,0,1,1,2,2,0,0,0,0,0,0,0,1,1,2,0,0,0,0,1,1,2,2,3,3,0,0,1,2,2,-4,229.60240899184,0.749903723261994,1.55,6,4,1.55,4,6,1.59,3.8,5.55,1.61,3.75,5.2,1.5,4,6.5,1.48,3.9,6,1.65,4.03,5.82
"691",8,"2016-04-29","Wexford","Finn Harps","A",1,1,"D",-1,-2,-2,-1,-2,-1,0,-1,-2,-1,-1,0,-1,-2,-3,-1,-2,-2,-3,-4,0,0,0,0,0,0,0,0,0,0,-1,-2,-2,0,0,-1,1,1,2,2,-1,3,2,1,3,-1,-2,-1,-2,-1,0,-1,0,1,1,-1,0,0,0,0,0,1,1,0,-1,-1,-1,-2,-3,-4,0,0,0,0,0,0,0,0,0,1,0,0,0,0,0,0,0,1,1,1,0,0,0,1,1,0,1,1,1,2,0,1,1,1,1,0,0,0,0,0,0,0,0,1,1,0,0,0,0,0,1,2,2,2,2,1,1,1,1,1,4,-98.8974110766086,-0.243895123599994,2.2,3.4,3.2,2.2,3.2,3.4,2.2,3.15,3.25,2.35,3.15,2.96,2,3.3,3.5,2.05,3.2,3.3,2.34,3.29,3.42
"692",8,"2016-05-06","Dundalk","Galway","D",2,1,"H",1,2,3,4,4,0,1,1,2,1,1,1,0,1,2,1,0,-1,-1,0,0,1,2,2,3,1,5.2,8.2,9.6,12.6,0,0,-1,2,3,-1,0,-1,1,2,-2,-2,-4,-4,-5,0,-1,-2,-3,-4,1,2,3,4,5,1,1,2,2,1,1,2,2,3,4,0,-1,0,-1,-1,0,0,0,0,0,0,1,1,2,2,0,0,0,0,0,1,1,1,2,3,1,2,3,4,4,0,1,1,2,2,1,1,1,2,3,1,1,1,1,1,1,2,2,3,3,0,1,1,1,1,0,0,0,0,0,0,0,0,0,1,-3,301.912699511156,0.988260779921998,1.25,11.5,5.75,1.25,5.75,11.5,1.23,5.6,11.75,1.26,5.7,9.23,1.23,5.75,12,1.25,5,10.5,1.29,5.85,12.9
"693",8,"2016-05-06","Finn Harps","Bohemians","D",0,0,"D",0,-1,0,-1,-2,-1,-2,-3,-2,-1,1,0,1,0,1,-1,0,-1,-2,-3,0,0,0,0,0,0,0,0,0,0,1,2,3,2,0,1,0,1,1,3,-1,1,-3,-1,0,-1,1,0,-2,-3,1,0,1,1,1,-1,-2,-3,-2,-1,1,1,1,1,2,-1,0,0,-1,-1,0,0,0,0,0,0,0,0,0,0,0,0,1,1,1,0,0,0,0,0,0,0,1,1,1,0,0,0,1,2,1,1,2,2,2,0,1,1,1,1,0,0,0,0,0,0,0,0,1,2,0,1,1,1,1,1,1,2,2,2,-2,73.8009238336157,0.100729515379999,3.6,2.25,3,3.6,3,2.25,3.5,3,2.2,3.22,3,2.3,3.5,3,2.15,3.75,3,2,3.62,3.15,2.32
"694",8,"2016-05-06","St. Patricks","Derry City","D",0,1,"A",-1,-2,-1,0,0,-1,0,0,1,1,1,1,0,1,0,0,0,1,2,1,-1,0,1,2,3,0,4.2,7.2,11.4,14.4,0,-1,2,1,1,3,3,1,1,1,-1,0,-1,0,0,-1,-1,2,2,3,-1,-2,-1,-1,-2,-1,0,-1,0,-1,1,0,-1,0,0,-1,-2,-2,-1,-2,0,0,0,1,2,0,0,1,1,2,0,1,1,1,1,1,2,3,3,3,0,0,1,1,1,0,1,1,2,2,1,1,1,2,2,0,0,0,1,1,0,0,1,1,1,0,0,0,1,1,0,0,0,0,0,1,1,1,1,1,3,-183.396822601631,-0.084190427264204,2.55,2.9,3.1,2.55,3.1,2.9,2.45,3.05,2.9,2.49,2.99,2.91,2.4,3.2,2.9,2.3,3,3,2.61,3.2,3.04
"695",8,"2016-05-07","Bray","Cork City","D",0,2,"A",-1,0,-1,-2,-3,1,2,3,3,3,1,0,1,0,-1,0,0,1,0,1,0,-1,-2,-2,-3,1,1,1,2.4,2.4,-1,-2,-5,-7,-8,-1,-1,2,2,2,2,2,2,2,3,-2,0,0,2,5,0,1,0,-1,-2,1,2,3,2,1,1,0,0,-1,-2,-1,-1,-1,-1,-1,0,0,0,0,0,0,0,0,1,2,0,0,1,1,1,1,1,2,2,3,0,1,1,1,1,1,2,2,2,2,1,1,2,2,2,0,1,2,2,3,0,0,0,0,0,0,1,2,2,2,1,1,1,2,3,0,0,0,0,0,7,-506.681047806115,-1.460797017616,8,1.45,4.1,8,4.1,1.45,7.25,4,1.44,6.73,3.88,1.48,8,4.25,1.4,6.75,4,1.42,7.98,4.19,1.51
"696",8,"2016-05-07","Longford","Shamrock Rovers","D",0,2,"A",0,-1,-1,-2,-3,1,0,-1,0,-1,0,-1,-1,-2,-1,-1,0,-1,0,1,-1,-2,-3,-3,-3,0,0,0,0,0,0,0,1,-3,-3,1,-3,-2,-3,-1,2,3,2,6,5,-1,3,1,2,4,-1,-2,-1,-2,-3,0,-1,-2,-1,-2,1,0,0,0,1,-1,0,-1,-1,0,1,1,1,1,1,1,1,1,1,1,0,0,0,0,0,0,0,0,1,1,0,0,0,0,0,1,1,1,2,2,0,0,0,0,0,0,1,1,2,3,0,0,0,0,0,1,1,1,2,2,0,1,1,2,3,0,1,2,2,3,7,-288.279940320071,-1.2378081191538,7,1.45,4.33,7,4.33,1.45,6.95,4.2,1.44,6.17,4.15,1.48,7,4.15,1.45,6.5,4,1.44,7.47,4.49,1.5
"697",8,"2016-05-07","Sligo Rovers","Wexford","H",4,1,"H",1,2,1,1,1,0,-1,-2,-2,-1,1,1,1,1,0,-1,-1,-1,-2,-2,0,0,0,0,0,0,0,0,0,0,1,4,4,4,2,3,2,0,1,1,-1,-3,-6,-6,-6,-4,-5,-7,-8,-6,1,2,1,2,2,-1,-1,-2,-1,0,1,1,2,3,2,-1,0,0,0,0,0,0,0,0,0,1,1,1,1,1,0,0,0,0,0,0,0,0,0,0,1,2,2,2,3,0,0,0,0,1,1,2,2,2,2,0,0,0,0,0,1,2,2,2,2,0,0,0,0,1,0,0,0,0,0,0,1,2,2,2,-2,181.069241602239,0.74571694998,1.5,6.5,4.2,1.5,4.2,6.5,1.51,4.1,5.95,1.54,4.08,5.33,1.5,4,6.25,1.57,3.75,5,1.56,4.42,6.43
"698",8,"2016-05-10","Derry City","Finn Harps","A",2,2,"D",1,0,1,1,2,0,0,-1,0,-1,-1,0,1,2,3,0,-1,-2,-2,-3,-1,-1,-1,-1,-1,0,0,0,0,0,1,0,0,0,2,-1,-1,2,3,4,0,1,-2,-1,-3,1,-2,-3,-3,-6,0,-1,0,-1,0,0,1,0,1,1,-1,0,1,0,0,1,0,0,-1,-2,1,1,1,2,2,0,0,0,0,0,0,0,0,1,2,0,0,0,1,1,1,1,2,2,3,1,1,1,2,2,0,1,2,2,3,0,0,0,0,0,0,0,0,0,1,0,0,0,0,0,0,1,1,1,1,0,0,1,1,1,-5,422.288649155868,0.813399597671584,1.45,9,3.9,1.45,3.9,9,1.47,3.8,7.75,1.49,3.8,6.87,1.4,4.25,7.5,1.4,3.8,8.25,1.58,3.86,7.53
"699",8,"2016-05-10","Longford","Wexford","A",2,4,"A",-1,-1,-2,-2,-3,-1,-1,-2,-3,-3,-1,-1,-2,-2,-3,-1,-2,-2,-2,-3,1,1,1,1,1,4.2,4.2,4.2,4.2,4.2,-1,0,0,1,0,-1,0,-1,-3,-3,-2,-1,0,-3,0,-2,-5,-2,-4,-5,0,-1,-2,-1,-2,-1,-2,-2,-3,-2,0,1,0,0,0,-1,-2,-1,-1,-1,0,1,1,1,1,0,1,1,1,1,0,0,0,0,0,0,0,0,0,0,0,0,0,0,0,0,0,0,0,0,0,0,0,0,0,0,0,0,0,0,0,0,0,0,0,0,0,0,0,0,1,1,2,2,3,1,1,2,3,3,1,10.1496895615445,-0.207550587840625,2.8,2.4,3.5,2.8,3.5,2.4,2.75,3.35,2.4,2.86,3.27,2.36,2.8,3.25,2.5,2.5,3.3,2.5,NA,NA,NA
"700",8,"2016-05-10","Shamrock Rovers","Sligo Rovers","H",3,0,"H",1,2,1,0,1,1,2,3,2,2,1,0,1,0,1,1,0,0,-1,-2,1,1,2,3,4,4.2,5.6,8.6,12.8,15.8,-2,-2,-5,-5,-2,0,0,1,1,3,-1,-1,1,2,1,0,1,0,-2,-3,0,0,-1,-2,-1,1,2,3,2,3,0,-1,0,-1,-1,1,0,1,1,0,1,2,2,2,2,0,0,0,0,0,1,1,1,1,2,0,0,0,0,0,1,2,2,2,3,0,1,2,2,2,1,1,2,2,3,1,1,1,1,1,1,2,2,2,3,1,2,3,3,3,0,0,1,2,2,0,0,0,0,0,-3,151.485692875255,0.0661223474984141,2.38,3.2,3.13,2.38,3.13,3.2,2.2,3.1,3.4,2.22,3.07,3.2,2.25,3.15,3.2,2.2,3.1,3.1,2.18,3.36,3.72
"701",8,"2016-05-10","Bohemians","Cork City","D",0,1,"A",0,-1,-2,-3,-2,1,2,3,4,4,-1,-2,-1,-1,0,1,1,1,2,1,-1,-2,-3,-3,-4,0,0,0,1,1,-2,-3,-5,-8,-8,-2,-4,-2,0,1,0,2,3,6,4,2,4,4,7,6,0,-1,-2,-3,-2,0,1,2,3,2,-1,-2,-1,-1,0,0,-1,-1,-1,-1,0,0,0,0,0,1,1,1,1,2,0,0,0,0,0,1,2,2,3,3,1,1,1,1,2,1,2,3,3,3,0,0,1,1,2,1,1,2,3,3,0,0,0,0,1,1,1,2,3,3,0,1,1,2,2,0,0,0,0,0,7,-498.468530367394,-1.3313832166026,4.8,1.8,3.4,4.8,3.4,1.8,4.8,3.3,1.77,4.3,3.3,1.84,4.75,3.5,1.7,5,3.3,1.67,NA,NA,NA
"702",8,"2016-05-10","Dundalk","Bray","H",1,0,"H",1,2,3,4,5,-1,-2,-1,-2,-3,1,2,2,1,2,-1,-2,-3,-3,-4,1,2,3,4,4,4.2,7.2,11.4,14.4,15.8,2,4,5,6,10,2,3,4,3,6,-1,-3,-3,-4,-6,-1,-2,-3,-3,-7,0,1,2,3,4,0,0,1,0,-1,0,1,2,2,3,0,-1,-2,-2,-2,1,1,1,1,1,0,0,0,0,0,1,1,1,1,1,0,0,0,0,0,0,1,2,3,4,0,0,1,1,1,0,1,1,1,2,0,0,0,0,0,0,1,2,2,3,0,0,0,0,0,0,0,0,0,0,1,2,2,2,3,-10,745.426541867313,1.92790415388,1.13,22,8,1.13,8,22,1.14,7,18,1.14,6.53,21.67,1.17,6.5,15,1.17,6,13,1.21,7.3,17
"703",8,"2016-05-10","Galway","St. Patricks","A",0,3,"A",-1,-1,0,0,1,-1,-2,-3,-2,-1,0,0,1,2,3,-1,-2,-1,0,1,1,0,-1,-2,-3,4.2,4.2,4.2,4.2,4.2,1,3,5,3,2,2,4,3,2,5,1,2,1,3,2,1,2,1,1,1,0,1,1,2,2,0,-1,-2,-1,-1,1,2,2,2,2,-1,-2,-2,-1,-1,0,0,1,1,2,0,0,0,0,1,0,0,1,2,3,0,0,1,1,2,0,0,1,1,2,0,0,0,1,1,0,0,1,2,3,0,0,0,1,2,0,0,1,1,1,0,0,0,1,1,0,0,0,0,0,0,0,0,0,0,-1,91.6660752324377,0.153410264287977,2.7,2.63,3.2,2.7,3.2,2.63,2.75,3,2.65,2.66,3.12,2.62,2.65,3.15,2.65,2.6,3,2.6,2.79,3.25,2.79
"704",8,"2016-05-13","Finn Harps","Dundalk","A",0,7,"A",0,0,0,-1,0,1,2,3,4,5,0,1,0,1,0,1,2,3,4,5,-1,-1,-1,-1,-1,0,0,0,0,0,1,-1,-2,-3,-3,-2,-3,-6,-9,-11,2,1,2,5,5,0,0,2,2,2,1,1,2,1,2,1,1,2,3,4,0,1,1,1,1,1,2,3,4,5,0,0,0,0,0,0,1,1,1,1,0,0,0,1,1,0,0,0,0,0,0,1,1,1,2,1,1,2,3,4,1,2,2,3,3,1,2,3,4,4,0,0,0,0,0,0,0,1,2,2,0,0,0,1,1,0,0,0,0,0,7,-587.830720575699,-1.39593576893064,15,1.22,5.75,15,5.75,1.22,14,5.55,1.22,14.17,4.98,1.23,13,5.75,1.22,9.5,5,1.26,15.12,6.19,1.25
"705",8,"2016-05-13","St. Patricks","Longford","D",3,3,"D",1,0,-1,-2,-1,-1,-2,-2,-3,-3,-1,0,0,-1,0,0,-1,-2,-3,-4,1,2,3,3,3,4.2,8.4,11.4,12.8,12.8,1,1,-1,-1,2,-2,2,3,3,6,-4,-5,-6,-8,-9,-1,-4,-5,-2,-8,1,1,0,-1,0,-1,-1,-2,-3,-2,0,1,0,-1,0,-1,-2,-3,-3,-4,0,0,0,0,0,0,0,1,1,1,0,0,1,1,1,1,1,1,1,1,1,1,1,1,2,0,0,0,0,0,0,1,1,1,2,0,0,0,0,0,1,1,1,1,2,0,0,0,0,0,0,0,0,0,0,1,2,2,3,3,-7,345.991312073418,1.65865526368958,1.3,9.5,5.4,1.3,5.4,9.5,1.28,5.2,9.5,1.31,4.77,9.57,1.27,5.25,10,1.28,4.75,9,1.32,5.71,10.52
"706",8,"2016-05-13","Wexford","Shamrock Rovers","H",2,0,"H",1,0,0,-1,-2,1,2,3,2,1,0,-1,0,-1,-2,1,0,1,0,1,-1,-1,-1,-1,-1,0,0,0,0,0,1,0,-1,-1,-1,-1,-1,-3,-2,-2,2,6,7,7,9,1,1,1,0,2,1,0,-1,-1,-2,1,1,1,0,-1,-1,-1,0,0,-1,0,-1,0,-1,-1,0,0,1,1,1,0,1,2,2,2,1,1,1,1,1,1,1,1,1,2,0,0,0,0,0,1,2,3,3,3,0,0,1,1,1,1,1,2,2,3,1,1,1,1,1,1,2,3,3,3,0,1,1,2,3,0,0,0,1,2,7,-406.076408269733,-1.29683873151664,6.25,1.53,4.1,6.25,4.1,1.53,6.2,3.95,1.51,5.53,4.15,1.52,6.5,4,1.5,5.75,3.7,1.53,7.09,4.18,1.55
"707",8,"2016-05-13","Cork City","Derry City","D",2,1,"H",1,2,3,4,5,0,1,0,1,1,1,2,3,3,4,1,1,1,2,3,-1,-1,0,1,2,0,1,5.2,8.2,12.4,-1,0,1,2,4,0,1,3,2,5,-2,-2,-4,-4,-4,0,-1,-1,-1,-1,0,0,1,2,3,-1,-1,-2,-1,-2,1,2,3,2,3,0,-1,-2,-2,-1,1,2,2,2,2,1,2,2,2,3,0,0,0,1,1,1,2,3,4,4,1,2,3,4,4,0,1,1,2,2,1,2,2,2,3,1,1,1,1,2,0,1,1,2,3,0,0,0,0,0,0,0,0,0,0,0,0,1,1,1,-1,149.307159816904,0.565601644733913,1.6,6.25,3.6,1.6,3.6,6.25,1.59,3.6,5.9,1.61,3.68,5.37,1.6,3.75,5.5,1.6,3.6,5,1.64,3.71,6.9
"708",8,"2016-05-14","Sligo Rovers","Bohemians","H",1,0,"H",-1,0,1,2,1,-1,-1,-2,-3,-4,1,2,2,2,2,0,-1,0,-1,-2,-1,-2,-3,-3,-3,0,0,0,1,2.4,0,4,6,9,9,4,7,5,6,7,2,3,1,0,-3,1,0,0,0,-2,-1,0,1,2,1,0,0,-1,-2,-3,1,2,2,3,4,0,-1,0,0,-1,0,0,0,0,0,0,0,0,0,0,0,0,0,0,0,0,0,0,0,0,0,0,1,2,2,0,1,1,1,1,0,1,2,2,2,1,1,2,2,2,0,1,2,3,3,0,0,0,0,0,1,1,1,1,1,0,0,1,1,2,-3,160.694228960846,0.500159633033586,1.95,4,3.4,1.95,3.4,4,1.95,3.3,3.8,1.98,3.35,3.6,2,3.3,3.65,1.95,3.2,3.6,1.99,3.53,4.19
"709",8,"2016-05-14","Bray","Galway","A",1,2,"A",-1,-2,-3,-2,-3,-1,-2,-2,-1,-1,-1,0,-1,0,-1,-1,0,-1,-2,-2,-1,-1,0,-1,0,0,1,5.2,5.2,9.4,0,-1,-3,-4,-6,-1,-2,-2,1,0,-2,-2,-2,-2,-3,0,0,0,-2,0,-1,-1,-1,0,-1,-1,-1,0,0,1,0,1,0,0,-1,0,0,-1,0,-1,0,0,0,0,0,0,0,0,1,1,0,0,0,1,1,0,1,1,1,2,0,0,0,1,1,0,0,0,1,1,0,1,1,2,2,0,1,1,1,1,0,0,0,0,0,0,0,0,1,1,0,1,2,2,2,1,1,1,1,1,5,-296.101675500639,-0.529164088125601,2.55,2.7,3.4,2.55,3.4,2.7,2.55,3.25,2.6,2.52,3.3,2.64,2.65,3.3,2.5,2.6,3.2,2.5,2.68,3.4,2.79
"710",8,"2016-05-17","St. Patricks","Finn Harps","H",4,0,"H",0,1,0,-1,-2,-1,-1,-1,-1,-2,0,-1,0,0,-1,0,0,-1,-2,-2,1,1,1,1,1,4.2,4.2,4.2,4.2,4.2,3,4,4,3,2,1,0,3,4,3,-4,-6,-5,-5,-7,1,1,-2,-2,1,0,1,1,0,-1,-1,0,0,1,0,0,0,1,0,-1,1,2,1,1,0,0,0,0,0,0,0,0,0,0,0,0,0,0,1,1,0,0,0,0,1,0,1,1,1,1,0,0,1,1,1,0,0,1,1,1,0,0,0,0,0,0,1,1,1,1,0,0,0,0,0,0,0,0,0,0,1,1,1,1,2,-2,147.366154796742,1.13458921925984,1.55,6,4,1.55,4,6,1.54,3.95,5.8,1.58,3.63,5.75,1.5,4.2,6,1.44,4.2,6,1.61,4.19,5.98
"711",8,"2016-05-29","Derry City","Bray","H",2,0,"H",-1,-1,0,-1,0,-1,-2,-3,-4,-3,0,-1,0,1,2,-1,-2,-3,-4,-4,1,2,1,1,1,4.2,7.2,7.2,8.2,9.6,0,2,3,3,3,2,2,3,6,7,0,1,-1,-1,-1,1,1,0,-2,-2,0,-1,-1,-2,-1,-1,-2,-2,-2,-1,-1,-2,-1,0,-1,-1,-1,-2,-3,-3,0,1,2,2,2,0,0,0,0,0,1,1,1,1,2,0,0,0,0,0,0,0,1,1,2,0,0,0,0,1,0,0,1,2,2,0,0,0,0,0,0,0,0,0,0,0,0,0,0,0,0,0,0,1,1,0,0,1,2,2,-8,543.120875505503,0.960750987971451,1.65,5.5,3.7,1.65,3.7,5.5,1.63,3.6,5.4,1.65,3.65,5,1.67,3.5,5.25,1.65,3.5,4.75,1.65,3.91,6.08
"712",8,"2016-05-29","Dundalk","Wexford","D",3,2,"H",1,2,3,4,5,1,2,1,1,0,1,2,3,3,2,1,0,-1,-1,-1,1,1,1,1,1,4.2,4.2,4.2,4.2,4.2,5,2,3,4,6,-3,-2,-1,-1,-4,0,-2,-5,-6,-8,-2,-5,-9,-9,-11,1,2,2,3,4,1,2,1,0,0,1,1,2,3,3,1,0,-1,0,0,0,0,1,1,1,0,0,0,1,1,0,1,1,1,1,0,0,0,0,0,1,2,2,3,4,1,1,1,1,1,1,1,2,2,2,0,0,0,0,0,1,1,1,2,3,1,2,2,2,2,0,0,0,0,0,0,0,1,1,2,-8,724.156637675043,1.97922478978114,1.1,22,9.5,1.1,9.5,22,1.11,8,19.25,1.13,6.7,21,1.12,8,19,1.14,7,12.5,1.15,9.54,21.03
"713",8,"2016-05-29","Bohemians","St. Patricks","H",5,1,"H",-1,-2,-2,-3,-4,1,1,2,1,0,-1,-2,-3,-2,-2,1,0,-1,0,1,-1,0,-1,-2,-3,0,3,3,3,3,-4,-7,-10,-10,-10,-3,-3,-3,-3,-2,1,-1,-1,0,0,1,2,5,4,7,-1,-1,-1,-2,-3,1,1,2,2,1,0,-1,-2,-1,-1,1,0,-1,-1,0,0,0,0,0,0,0,0,0,0,0,0,0,0,0,0,0,0,0,1,1,0,0,1,1,1,1,1,2,2,2,0,0,0,1,1,1,1,1,1,2,0,0,0,0,0,1,1,2,2,2,0,0,0,1,1,0,0,0,0,0,5,-300.268288665417,-0.979493161334464,2.88,2.6,3.1,2.88,3.1,2.6,2.8,3.05,2.55,2.86,2.93,2.58,2.75,3.15,2.55,2.7,3.1,2.45,2.91,3.19,2.72
"714",8,"2016-05-29","Galway","Sligo Rovers","D",1,2,"A",1,0,-1,-1,0,1,0,1,2,3,-1,-1,-1,0,1,-1,0,-1,-1,-2,0,1,1,0,-1,1.4,4.4,5.8,5.8,5.8,1,1,-2,-2,-3,0,0,2,2,3,1,1,2,4,4,0,2,3,2,-2,1,0,0,1,1,1,0,1,2,3,-1,0,1,1,1,-1,0,-1,0,0,0,0,0,0,1,0,0,0,0,0,0,0,0,1,2,0,0,0,0,0,0,0,0,0,1,1,1,1,2,3,0,0,0,1,2,0,1,1,1,1,0,0,0,0,1,0,0,1,2,3,0,1,1,1,1,0,1,1,1,1,-1,51.4200628422741,-0.111498294179643,2.55,2.75,3.3,2.55,3.3,2.75,2.55,3.2,2.65,2.54,3.15,2.7,2.5,3.15,2.8,2.6,3,2.6,2.68,3.42,2.78
"715",8,"2016-05-29","Longford","Cork City","D",0,3,"A",0,-1,-2,-2,-3,1,2,3,4,5,-1,-2,-2,-3,-3,1,2,2,2,3,-1,0,-1,-2,-2,0,4.2,4.2,4.2,4.2,1,2,0,1,-1,1,-1,-2,-2,-2,2,6,8,10,13,4,6,5,9,10,0,-1,-1,-2,-3,0,0,0,1,2,-1,-1,0,-1,-1,0,0,-1,-1,-1,0,0,0,1,1,1,2,3,3,3,0,0,0,0,0,1,2,3,3,4,0,0,0,0,0,0,1,2,3,4,0,0,0,0,0,1,2,2,3,4,0,0,0,0,0,0,0,1,1,2,0,1,2,2,3,0,0,0,0,0,10,-726.059533084318,-1.93250257319655,11,1.22,6.5,11,6.5,1.22,11.75,5.85,1.22,10.38,5.65,1.24,11,5.5,1.25,11,4.75,1.25,13.29,6.48,1.26
"716",8,"2016-05-29","Shamrock Rovers","Finn Harps","H",1,1,"D",-1,0,1,2,1,-1,-2,-2,-2,-2,1,2,1,2,1,-1,-1,-1,-2,-3,1,1,1,1,1,4.2,4.2,4.2,4.2,4.2,0,3,3,5,4,3,3,2,3,3,-2,-9,-11,-11,-10,-4,-6,-5,-8,-7,-1,0,0,0,-1,-1,-2,-1,-1,0,1,1,0,1,0,-1,0,1,0,0,0,0,1,2,2,0,0,0,0,0,0,1,1,1,1,0,0,0,0,0,0,1,2,3,3,0,0,0,1,1,1,2,2,3,3,0,0,0,0,0,0,1,2,3,3,0,0,0,0,0,1,1,1,1,2,1,2,2,2,2,-5,320.455798074263,1.52153588865071,1.25,13,5.5,1.25,5.5,13,1.3,4.85,10,1.28,4.98,9.88,1.3,5,9.5,1.3,4.33,9.75,1.35,5.2,11.08
"717",8,"2016-06-03","Cork City","Dundalk","H",1,0,"H",1,2,3,4,5,1,2,3,4,5,1,2,3,4,4,1,2,3,4,5,1,1,1,0,-1,4.2,5.2,6.6,6.6,6.6,0,-5,-5,-5,-6,-5,-6,-6,-7,-10,-2,-1,-1,-2,-2,1,1,1,2,3,0,0,0,0,1,0,1,2,2,3,0,1,2,3,2,1,2,3,4,5,1,2,3,4,4,1,1,1,2,2,1,1,1,1,2,0,0,0,0,0,1,1,2,3,4,0,1,2,2,3,0,1,2,2,2,1,2,3,4,5,1,1,1,2,2,0,1,1,1,2,0,0,0,0,0,0,0,0,0,0,1,-102.546441822771,-0.531908811981332,2.8,2.6,3.1,2.8,3.1,2.6,2.85,3,2.55,2.83,2.96,2.58,2.85,3,2.6,2.7,3,2.5,2.99,3.16,2.68
"718",8,"2016-06-03","Finn Harps","Sligo Rovers","H",3,0,"H",0,-1,-2,-2,-2,1,2,1,2,3,-1,-1,0,-1,0,1,0,1,0,0,0,0,0,0,0,1.4,1.4,1.4,1.4,1.4,-1,-2,-2,-4,-6,-2,-2,-3,-2,-2,0,4,8,9,9,6,3,3,4,3,-1,-2,-3,-2,-2,0,1,0,1,2,-1,-1,0,0,0,0,-1,0,-1,0,1,1,1,1,1,1,1,1,1,1,0,0,0,0,1,1,1,1,1,1,0,0,0,0,1,0,1,1,1,2,0,1,2,2,3,0,0,1,1,1,0,0,0,0,0,0,0,0,1,2,0,1,2,2,2,0,0,1,1,1,2,-201.36618482814,-1.18500250221724,6.5,1.57,3.7,6.5,3.7,1.57,6.2,3.6,1.57,5.35,3.63,1.62,6,3.5,1.6,5,3.5,1.62,6.9,3.82,1.62
"719",8,"2016-06-03","Wexford","Bohemians","A",0,1,"A",-1,0,1,0,0,1,0,-1,-1,-2,1,1,0,1,0,-1,-1,-2,-1,-2,0,0,0,0,0,1.4,1.4,1.4,1.4,1.4,-3,-1,3,4,5,2,3,3,3,4,2,1,2,6,5,-1,0,1,1,2,0,1,2,1,0,1,0,0,0,-1,1,0,0,1,1,-1,-1,-2,-1,-1,0,0,0,0,1,0,0,0,0,0,0,1,1,1,1,0,0,0,0,0,0,1,1,1,1,0,0,0,1,1,1,1,1,2,2,0,1,1,2,2,0,1,2,2,2,1,1,1,1,1,0,0,0,1,1,0,0,0,0,1,1,8.05456955031161,-0.20414014779135,3.4,2.1,3.5,3.4,3.5,2.1,3.45,3.4,2,3.28,3.33,2.12,3.35,3.5,2.05,3.1,3.4,2.05,3.6,3.61,2.13
"720",8,"2016-06-03","Bray","Longford","D",0,0,"D",-1,-2,-3,-4,-5,-1,-1,-2,-3,-3,-1,-2,-1,-2,-1,0,0,-1,-2,-3,0,-1,-2,-3,-2,1.4,1.4,1.4,1.4,5.6,0,-2,-4,-4,-6,-2,-4,-3,-3,1,-1,-2,-5,-5,-5,-1,-1,-4,-4,-5,-1,-2,-3,-3,-3,0,0,-1,-1,-2,-1,-1,0,-1,-1,0,-1,-2,-3,-3,0,0,0,0,0,0,0,0,0,1,0,0,0,0,1,0,1,1,1,1,0,0,0,0,0,0,0,0,0,0,0,0,1,1,2,0,0,0,0,0,0,0,0,0,0,0,0,0,0,0,1,1,1,2,3,1,1,2,3,3,-1,-70.7522061317267,0.402095110915457,1.87,4,3.6,1.87,3.6,4,1.91,3.4,3.95,1.94,3.38,3.73,1.85,3.5,4,2,3.3,3.4,1.94,3.6,4.3
"721",8,"2016-06-03","Galway","Derry City","D",0,0,"D",-1,0,-1,-2,-2,1,0,0,1,0,-1,-2,-2,-2,-1,-1,0,0,0,1,-1,-2,-1,-2,-3,0,0,4.2,4.2,4.2,-1,0,-2,-2,0,0,-1,0,1,0,2,1,2,4,4,0,3,4,5,4,0,1,0,0,1,1,1,0,0,-1,0,-1,0,1,1,0,0,-1,-2,-2,0,0,0,0,0,0,0,1,2,2,0,0,0,0,1,0,1,2,3,4,0,0,0,0,0,1,1,1,2,2,0,0,0,0,1,0,1,1,1,1,0,0,0,0,0,1,1,1,1,1,0,0,1,1,1,0,0,0,0,1,3,-255.200970620779,-0.49019478925586,3.2,2.3,3.2,3.2,3.2,2.3,3.1,3.2,2.25,3.05,3.18,2.29,3.2,3.3,2.15,3.4,3.1,2.05,3.14,3.38,2.43
"722",8,"2016-06-03","St. Patricks","Shamrock Rovers","A",0,2,"A",-1,0,0,1,0,0,-1,0,1,2,1,1,0,1,1,-1,0,-1,0,-1,1,2,2,1,1,4.2,8.4,9.4,9.4,10.4,0,4,4,5,3,4,5,5,5,6,4,2,5,5,6,-2,1,0,0,-2,-1,0,0,1,1,1,0,1,1,1,1,1,1,2,1,-1,-1,-2,-1,-2,0,0,0,0,0,0,0,0,1,2,0,0,0,0,1,0,1,1,1,1,0,1,1,2,2,0,0,1,2,3,1,1,1,2,2,0,1,1,2,2,0,1,1,2,2,0,0,1,2,3,1,1,1,1,1,0,1,1,1,1,1,-102.175382575331,-0.159660240511212,2.9,2.55,3.1,2.9,3.1,2.55,2.9,3.05,2.5,2.91,2.98,2.5,2.75,3.2,2.5,2.8,3,2.45,3.03,3.23,2.59
"723",8,"2016-06-24","Longford","Finn Harps","A",0,2,"A",0,-1,-1,-2,-3,1,1,0,-1,-1,-1,-2,-3,-3,-4,0,-1,-1,-1,-2,-1,-1,-1,-1,-1,0,0,0,0,0,-3,-4,-1,1,-1,-1,1,-1,-1,-2,0,2,1,-2,-2,2,2,2,2,3,0,0,0,-1,-1,1,0,-1,-2,-1,0,-1,-1,0,-1,-1,-2,-1,0,-1,0,0,0,0,0,0,1,1,1,1,0,0,0,0,0,1,1,1,1,1,1,1,1,1,1,1,1,1,1,1,0,0,0,0,0,0,0,0,0,0,0,0,0,0,0,1,1,1,1,1,0,1,1,2,3,0,0,1,2,2,3,-213.100305880907,-0.522987984293408,2.45,2.88,3.25,2.45,3.25,2.88,2.4,3.2,2.9,2.47,3.08,2.87,2.4,3.2,2.9,2.4,3.1,2.75,2.51,3.37,3.03
"724",8,"2016-06-24","Shamrock Rovers","Cork City","D",0,0,"D",1,1,0,1,2,1,2,3,4,5,0,1,2,1,2,1,2,3,3,3,-1,0,0,0,-1,0,3,4.4,5.4,5.4,1,-1,-3,-1,-1,-2,0,0,-2,0,0,1,2,2,2,1,1,1,1,1,1,2,1,2,2,1,1,1,1,1,1,2,2,1,2,0,0,0,-1,-1,0,0,0,0,1,0,1,2,3,4,0,0,1,1,1,1,2,3,4,4,1,1,1,2,3,1,2,2,3,4,0,1,2,2,3,1,2,3,3,4,1,1,1,2,3,0,1,1,1,2,0,0,1,1,1,0,0,0,0,0,2,-424.477285502769,-0.753233007722702,4.2,2,3.13,4.2,3.13,2,3.95,3.15,1.95,3.68,3.2,2.02,4.25,3.2,1.9,3.5,3.2,2,4.27,3.34,2.04
"725",8,"2016-06-24","Bohemians","Galway","D",1,1,"D",1,2,1,0,0,0,-1,0,-1,-2,1,0,-1,-2,-1,1,0,1,0,-1,-1,0,-1,0,1,0,3,3,6,10.2,1,5,3,3,2,3,2,0,0,1,0,-1,-1,-3,-5,0,-1,1,3,1,1,2,1,1,1,0,0,1,0,0,1,1,0,-1,0,1,1,1,0,1,0,0,0,0,0,0,0,0,0,0,0,0,0,0,0,0,0,1,1,1,1,1,1,1,2,1,1,1,1,1,0,0,0,0,1,0,0,1,1,1,0,1,1,1,1,0,0,0,0,0,0,0,0,0,0,0,0,0,1,1,3,-104.775656506712,0.208736580763532,2.2,3.3,3.3,2.2,3.3,3.3,2.1,3.25,3.35,2.19,3.25,3.2,2.05,3.25,3.65,2.05,3.1,3.4,2.23,3.45,3.48
"726",8,"2016-06-24","Derry City","Wexford","H",1,0,"H",0,1,0,0,1,-1,-2,-1,0,-1,1,1,0,1,2,-1,0,-1,-2,-2,1,1,1,1,1,4.2,4.2,4.2,4.2,4.2,0,0,-1,-3,-3,0,-2,-3,-2,0,-1,-4,-2,-2,-6,-3,-3,-5,-9,-10,0,1,1,0,0,-1,-1,0,1,0,1,0,-1,0,1,0,1,0,-1,0,0,0,0,1,2,0,0,0,0,0,0,1,1,1,1,0,0,0,0,0,1,2,2,2,3,0,0,1,1,1,1,1,1,2,3,0,0,0,0,0,0,1,1,1,1,0,0,1,2,2,0,0,0,0,0,0,0,0,0,1,-6,474.649216144045,0.626731368874236,1.5,6.5,4.2,1.5,4.2,6.5,1.47,4.15,6.45,1.49,4.2,5.9,1.45,4.25,6.5,1.4,4.2,6.75,1.53,4.34,7.1
"727",8,"2016-06-24","Dundalk","St. Patricks","D",2,0,"H",-1,0,1,2,3,-1,-2,-1,-1,0,1,2,3,4,4,-1,0,-1,-2,-1,1,2,3,4,3,4.2,7.2,11.4,14.4,14.4,0,2,5,3,2,2,0,2,3,2,-1,-4,-4,-7,-6,-3,-3,-3,-4,-4,-1,-1,0,1,1,-1,-2,-1,-1,0,0,1,1,2,3,-1,0,-1,-2,-2,0,1,1,1,2,0,0,0,0,0,1,1,2,2,2,0,0,0,0,1,0,0,1,2,2,0,0,1,1,2,0,1,1,2,2,0,1,1,1,1,0,0,1,1,1,0,0,1,1,2,0,0,0,0,0,1,2,2,2,2,-4,606.523300794477,1.58648824971674,1.36,8,5,1.36,5,8,1.34,4.6,8.75,1.37,4.48,7.85,1.38,4.5,8.5,1.4,4.25,6.5,1.38,4.94,10.41
"728",8,"2016-06-24","Sligo Rovers","Bray","D",0,0,"D",-1,0,1,0,1,0,-1,-2,-3,-4,1,2,3,3,3,-1,-2,-3,-4,-5,-1,0,-1,-2,-1,0,3,3,3,7.2,0,2,2,2,6,1,5,8,8,9,3,2,0,2,1,-2,-2,-4,-5,-6,-1,-1,0,-1,0,0,-1,-2,-3,-3,1,2,3,3,4,-1,-2,-2,-3,-4,0,1,1,1,1,0,0,0,0,0,0,0,0,0,0,0,0,0,0,0,0,0,1,1,1,1,1,1,1,1,1,1,2,3,3,0,0,0,0,0,0,0,0,0,1,0,0,0,0,0,1,1,1,2,2,0,1,1,1,2,-3,398.217431789091,0.629313897334836,1.6,5.75,3.9,1.6,3.9,5.75,1.56,3.8,5.85,1.62,3.7,5.2,1.53,3.9,6.25,1.6,3.75,4.75,1.61,4.07,6.29
"729",8,"2016-07-01","Derry City","Dundalk","A",0,5,"A",1,1,2,1,1,1,0,1,2,3,1,2,2,1,2,-1,0,1,2,3,0,-1,-2,-3,-4,1.4,1.4,1.4,1.4,1.4,-1,-1,-2,-8,-7,1,-4,-4,-6,-9,0,-1,-3,-1,1,-1,-1,1,3,3,1,1,2,2,1,0,-1,-1,0,1,1,2,1,0,1,-1,0,1,2,3,0,0,0,0,1,1,1,2,2,2,0,0,1,1,1,0,0,0,0,0,1,2,3,3,3,1,1,1,2,3,1,2,2,2,3,0,1,2,3,4,0,0,1,1,1,1,1,1,2,2,0,0,0,0,0,0,0,0,0,0,2,-316.717573182631,-1.08706787888916,5.75,1.67,3.5,5.75,3.5,1.67,5.45,3.45,1.67,5.05,3.45,1.69,5,3.5,1.7,4.5,3.4,1.7,6.21,3.69,1.69
"730",8,"2016-07-02","Bray","Wexford","H",3,0,"H",0,0,-1,-2,-3,-1,-2,-3,-2,-1,0,-1,-2,-1,-2,-1,-2,-1,-2,-3,-1,-1,-1,-1,-1,0,0,0,0,0,0,0,-2,-3,-7,0,-1,-5,-5,-5,-1,-2,-3,-1,-2,-1,-2,-2,-6,-8,0,0,-1,-2,-3,-1,-2,-2,-1,0,0,-1,-1,0,-1,-1,-1,0,-1,-2,0,0,0,0,0,0,0,0,0,0,0,0,0,0,0,0,0,0,0,0,1,2,2,2,2,0,0,0,1,1,1,1,1,2,2,0,0,0,0,0,0,0,0,0,0,0,0,0,1,2,0,0,1,1,1,0,0,0,0,0,1,-69.4604689721049,-0.432801200822826,2.25,3.1,3.5,2.25,3.5,3.1,2.2,3.3,3.1,2.27,3.35,2.94,2.2,3.3,3.15,2.25,3.2,2.9,2.32,3.47,3.26
"731",8,"2016-07-02","Longford","Bohemians","A",0,1,"A",-1,-1,-2,-2,-3,0,1,2,1,0,-1,-2,-3,-4,-4,1,0,0,-1,0,-1,-1,0,-1,-1,0,1.4,4.4,4.4,4.4,-1,-2,-7,-4,-2,-1,-1,1,1,0,1,1,3,5,8,2,4,8,9,10,-1,-1,-1,-1,-2,0,1,2,1,1,-1,-1,-2,-2,-1,1,0,0,-1,0,0,0,0,0,0,0,0,0,0,0,0,0,0,0,0,0,0,0,0,0,0,1,1,1,1,0,1,1,1,1,0,0,0,0,0,1,1,2,2,3,0,0,0,0,0,0,0,1,1,1,1,1,2,2,3,0,0,0,0,0,3,-196.346611056288,-1.34487520412864,6.25,1.53,4,6.25,4,1.53,6.05,3.85,1.54,6.15,3.73,1.54,6.5,3.75,1.53,6,3.6,1.53,6.25,4.17,1.6
"732",8,"2016-07-05","Dundalk","Longford","D",4,3,"H",1,2,1,2,3,-1,-2,-2,-3,-3,1,2,3,4,5,0,0,0,-1,-2,1,1,2,3,3,4.2,5.2,9.4,12.4,12.4,5,7,7,10,14,2,2,1,3,4,-1,-3,-2,-3,-6,0,-1,-3,-5,-7,1,1,0,0,1,-1,-2,-2,-2,-2,0,0,1,1,2,0,0,-1,-2,-3,0,1,1,2,2,0,0,0,0,0,1,2,2,3,3,0,0,1,1,1,1,2,2,2,3,0,0,1,1,1,1,1,2,2,3,1,1,1,1,1,1,2,2,2,3,0,0,0,0,0,0,0,0,0,0,0,1,1,2,2,-11,1064.58562129689,3.1103685465461,1.06,29,13,1.06,13,29,1.05,11,28.25,1.07,8.5,29.5,1.06,10,26,1.07,8.75,21,1.09,13.5,33
"733",8,"2016-07-08","Finn Harps","Galway","D",1,0,"H",1,2,2,1,0,0,0,-1,0,-1,1,0,0,1,0,0,1,0,1,0,-1,-1,-1,-1,-1,0,0,0,0,0,1,4,4,2,2,2,0,-1,-2,-1,-1,-1,-2,1,5,-1,5,3,3,3,1,2,1,0,-1,0,0,0,1,0,1,0,0,1,1,0,1,1,1,0,0,0,1,1,1,0,0,0,0,0,0,0,0,0,0,0,0,0,1,1,1,2,2,2,2,0,1,1,1,1,1,1,2,3,3,0,0,0,1,1,1,2,2,2,2,0,0,0,0,0,0,0,0,1,2,0,0,0,0,1,4,-16.4634255567221,-0.359495552083089,4,1.95,3.4,4,3.4,1.95,3.85,3.3,1.95,3.58,3.3,2.02,4.2,3.5,1.8,4.2,3.3,1.78,4.13,3.53,2
"734",8,"2016-07-08","Bohemians","Bray","D",0,0,"D",1,1,2,3,2,1,1,1,0,-1,0,1,0,-1,-2,0,-1,-2,-3,-4,1,0,0,1,2,4.2,4.2,5.2,9.4,12.4,-2,-1,0,5,4,1,6,6,6,6,0,1,1,0,-1,1,0,0,0,3,1,1,2,3,2,1,1,1,0,-1,0,1,1,0,-1,0,-1,-2,-2,-3,0,0,0,0,0,0,0,0,0,0,0,0,0,0,0,0,0,0,0,0,1,1,2,2,2,1,2,3,3,3,0,0,0,0,0,1,1,1,1,1,0,0,0,1,1,1,1,1,1,1,0,0,0,0,0,0,0,0,1,1,-2,206.095902674984,0.474798883596982,1.85,4.4,3.4,1.85,3.4,4.4,1.8,3.3,4.65,1.86,3.15,4.48,1.8,3.3,4.5,1.78,3.2,4.4,1.85,3.54,4.97
"735",8,"2016-07-09","Sligo Rovers","St. Patricks","D",1,0,"H",0,-1,0,1,0,-1,-2,-3,-2,-2,0,1,2,3,3,-1,-2,-1,-2,-3,0,1,0,-1,-2,1.4,5.6,5.6,5.6,5.6,0,0,1,-2,-5,0,0,1,4,4,-2,-1,-5,-5,-5,-2,-7,-6,-7,-8,0,-1,-1,0,-1,0,-1,-2,-1,-1,0,1,2,3,3,0,-1,0,-1,-2,0,0,1,1,1,0,0,0,0,0,0,0,0,0,0,0,0,0,0,0,1,1,1,2,2,0,0,0,1,1,1,2,2,3,4,0,0,1,1,1,0,0,0,0,0,0,0,0,1,1,0,1,1,1,2,1,2,3,3,3,3,82.2662356891045,-0.0886124571701181,1.93,3.9,3.5,1.93,3.5,3.9,1.95,3.35,3.75,2,3.35,3.55,2.05,3.15,3.75,2,3.1,3.6,2.01,3.59,4
"736",8,"2016-07-10","Wexford","Cork City","A",0,1,"A",-1,-2,-3,-4,-3,0,1,2,3,4,-1,0,0,-1,0,0,1,2,3,3,0,0,0,0,0,1.4,1.4,1.4,1.4,1.4,0,-1,-4,-4,-3,0,-1,-1,-3,-3,3,4,5,7,7,1,1,2,4,2,-1,-2,-3,-3,-2,0,1,1,1,1,-1,0,-1,-1,0,0,0,0,0,-1,0,0,0,0,0,0,0,1,2,3,0,0,1,1,1,0,1,2,3,4,0,0,0,0,1,1,2,3,3,4,0,1,1,1,2,1,2,3,4,4,0,0,0,0,1,0,0,1,1,1,1,1,1,1,1,0,0,0,0,0,9,-912.817984716015,-1.72953156868517,9,1.33,5,9,5,1.33,8.25,4.8,1.34,8.23,4.88,1.33,8,4.5,1.37,7.75,4.4,1.34,9.28,5.16,1.38
"737",8,"2016-07-15","Shamrock Rovers","Bohemians","H",3,1,"H",0,1,1,0,1,0,1,1,2,3,0,0,1,2,1,1,2,1,1,0,1,1,0,0,0,4.2,5.2,5.2,6.2,7.6,0,1,1,0,-2,-1,-1,2,4,4,0,0,0,2,1,0,1,0,0,1,0,1,2,1,2,0,1,1,2,3,0,1,2,2,1,1,2,1,1,0,0,0,0,0,0,0,0,0,0,0,0,0,0,1,1,0,0,0,0,0,1,2,2,2,3,1,2,2,3,3,1,1,2,3,3,1,2,2,3,3,0,1,1,1,2,0,0,0,0,1,0,0,0,1,1,0,0,0,0,0,-5,306.223286441427,0.465867127927979,2.2,3.6,3.1,2.2,3.1,3.6,2.2,3.05,3.4,2.26,2.94,3.4,2.25,3.15,3.2,2.25,3.2,2.9,2.25,3.25,3.67
"738",8,"2016-07-15","Derry City","Longford","H",4,0,"H",-1,0,0,1,0,-1,-2,-3,-3,-4,-1,0,1,1,0,-1,-1,-1,-1,-2,0,-1,0,0,0,1.4,1.4,4.4,5.8,5.8,-3,-2,-2,0,1,-3,-2,-3,-3,-3,1,0,-2,-2,-3,1,1,-2,-2,-3,-1,0,0,1,1,0,-1,-2,-2,-2,-1,0,1,0,-1,0,0,0,-1,-2,0,0,0,0,0,0,0,0,0,0,0,0,0,1,1,0,0,0,1,1,0,1,2,3,3,0,0,0,1,1,0,1,2,2,2,0,1,1,1,1,0,0,0,1,1,0,0,0,0,0,1,1,1,1,1,0,0,1,1,2,-8,602.817938945165,0.969677388780163,1,1,1,NA,NA,NA,NA,NA,NA,NA,NA,NA,NA,NA,NA,NA,NA,NA,NA,NA,NA
"739",8,"2016-07-16","Bray","Finn Harps","H",1,0,"H",0,1,1,1,0,1,2,3,3,2,1,1,0,-1,0,1,1,0,0,0,-1,-1,-1,-1,-1,0,0,0,0,0,-1,0,-3,-4,-4,1,0,1,-1,-1,0,0,0,-1,-3,0,-1,-3,-3,-4,0,1,1,1,0,0,1,2,1,0,1,1,0,0,1,1,0,-1,0,1,0,0,0,0,0,1,1,1,2,2,0,0,0,0,0,0,1,1,1,1,1,2,3,4,4,1,2,3,3,3,1,2,2,2,3,1,1,1,1,1,0,1,1,1,1,0,1,2,2,2,0,0,0,0,1,0,0,0,0,1,2,-293.336182294297,-0.0512712541645435,2.1,3.8,3.1,2.1,3.1,3.8,2.1,3.1,3.65,2.17,3.08,3.43,2.05,3.15,3.75,2.05,3.1,3.4,2.21,3.23,3.79
"740",8,"2016-07-22","Bohemians","Derry City","A",0,1,"A",-1,-1,0,0,1,1,0,1,1,2,0,0,1,0,-1,0,-1,0,0,0,-1,0,1,2,3,0,4.2,7.2,11.4,14.4,-3,-3,-3,-2,-3,0,0,4,3,2,3,-2,-2,-1,-1,0,-1,0,0,1,-1,-1,0,0,1,1,0,1,1,2,0,0,1,1,0,0,0,0,-1,-2,0,0,0,0,0,0,0,0,0,0,0,0,0,0,0,0,0,1,2,3,0,1,2,2,3,1,1,2,3,4,1,1,1,1,1,1,1,2,2,2,0,0,0,0,0,1,1,1,1,2,1,1,1,1,1,0,1,1,1,1,6,-386.808729074137,-0.368739516820749,3.25,2.3,3.13,3.25,3.13,2.3,3.15,3,2.35,3.2,3,2.32,3,3,2.45,3,3,2.3,3.44,3.15,2.4
"741",8,"2016-07-22","Galway","Wexford","H",4,2,"H",-1,-1,-1,-2,-1,-1,-2,-3,-4,-5,0,-1,-2,-2,-2,-1,-2,-3,-2,-3,1,1,1,1,1,4.2,4.2,4.2,4.2,4.2,0,1,1,2,2,0,1,-1,-3,-2,0,-2,-3,-2,-4,-3,-2,-2,-2,-4,0,0,0,0,1,-1,-2,-3,-4,-4,0,0,-1,0,1,-1,-2,-2,-1,-2,0,0,0,0,0,0,0,0,0,0,0,0,0,0,0,0,0,0,0,0,0,0,1,1,1,0,0,0,0,0,1,1,1,1,1,0,0,0,0,0,0,0,0,0,0,0,0,0,0,0,0,0,0,0,0,0,1,1,1,1,-6,288.80565952496,0.407153466663935,1.7,4.6,3.9,1.7,3.9,4.6,1.67,3.85,4.6,1.72,3.85,4.2,1.68,3.85,4.5,1.67,3.6,4.5,1.72,4.1,5.02
"742",8,"2016-07-23","Longford","Sligo Rovers","D",2,2,"D",-1,-2,-3,-4,-4,1,1,0,1,2,-1,-2,-3,-4,-5,-1,0,-1,0,-1,-1,-1,-2,-2,-2,0,1,1,2,2,-1,2,2,0,-1,0,-2,-2,-2,-2,4,8,6,7,7,-2,-1,-1,3,4,-1,-1,-2,-3,-3,0,0,-1,-1,0,-1,-2,-2,-3,-3,-1,-1,-2,-1,-2,0,0,0,0,0,1,1,1,2,2,0,0,0,0,0,0,1,1,1,1,0,0,0,0,1,1,2,2,2,3,0,0,0,0,0,0,0,0,1,1,0,0,0,0,0,0,0,0,0,0,1,1,1,2,2,0,0,1,1,1,5,-462.392819111999,-1.1221289296759,7,1.45,4.4,7,4.4,1.45,6.8,4.25,1.44,6.4,4.29,1.45,7,4.1,1.45,6,3.8,1.5,7.76,4.67,1.47
"743",8,"2016-07-29","Finn Harps","Wexford","D",0,1,"A",-1,0,1,2,2,-1,-2,-3,-4,-5,1,2,1,1,2,-1,-2,-3,-4,-3,0,0,0,0,0,1.4,1.4,1.4,1.4,1.4,-2,-1,1,4,5,-1,2,2,0,-3,-3,-4,-7,-8,-8,-4,-7,-1,-4,-6,-1,-1,0,1,0,-1,-2,-3,-4,-5,0,1,0,0,1,-1,-2,-3,-3,-2,0,1,1,1,2,0,0,0,0,0,1,1,1,1,1,0,0,0,0,0,0,1,2,3,3,0,0,0,0,0,1,2,2,3,4,0,0,0,0,0,0,0,1,2,2,0,0,0,0,0,0,0,0,0,0,1,1,2,2,2,-3,349.151151410053,0.333714552914618,2.3,3.2,3.2,2.3,3.2,3.2,2.1,3.2,3.45,2.31,3.01,3.2,2.25,3.2,3.2,2.05,3.1,3.4,2.32,3.31,3.43
"744",8,"2016-07-29","Sligo Rovers","Derry City","D",0,0,"D",0,1,1,0,1,1,2,1,2,2,1,1,2,3,4,1,1,0,1,1,1,2,2,2,1,4.2,7.2,8.6,9.6,9.6,1,-2,-2,-3,-1,0,0,0,3,5,2,2,-3,0,1,0,0,-2,-1,-2,0,0,0,-1,-1,1,2,1,2,2,0,0,1,2,3,1,1,1,1,0,0,1,1,1,2,0,0,0,0,0,1,1,1,1,1,0,0,0,1,2,0,1,2,2,2,1,2,2,3,4,1,2,3,3,4,1,2,2,3,3,0,0,0,0,0,0,1,1,1,1,0,0,0,1,1,0,0,1,1,1,3,-264.358402829433,-0.588951922633754,2.75,2.63,3.13,2.75,3.13,2.63,2.7,3.15,2.6,2.69,3.03,2.64,2.6,3.2,2.65,2.5,3,2.7,2.8,3.29,2.74
"745",8,"2016-07-29","Bray","Shamrock Rovers","H",1,1,"D",1,1,2,2,2,1,1,2,2,1,1,2,2,1,0,1,0,1,0,1,-1,-1,-2,-3,-4,0,1,1,1,1,-2,-2,-1,-2,-2,-1,2,0,1,-3,-1,-1,-1,-2,-4,0,-2,-2,-2,0,1,1,2,2,2,1,1,2,3,2,1,2,2,1,1,1,0,0,-1,0,0,0,0,0,0,0,0,0,0,0,0,0,0,0,0,0,0,1,1,1,1,2,3,4,5,0,1,2,2,2,1,2,3,3,3,1,1,2,2,3,0,0,1,1,1,1,1,2,2,2,0,0,0,0,0,0,0,0,0,1,6,-449.857931269454,-0.853992396596308,4.3,1.91,3.25,4.3,3.25,1.91,3.7,3.2,2,4.13,3.05,1.97,4,3.4,1.85,3.8,3.2,1.91,4.37,3.54,1.95
"746",8,"2016-07-30","Longford","Galway","D",1,1,"D",0,-1,-2,-3,-4,1,0,0,0,-1,0,-1,-2,-3,-4,-1,-1,0,-1,0,0,-1,-2,-1,-1,1.4,1.4,1.4,5.6,5.6,-2,-2,0,0,-1,2,1,-1,-2,-2,0,3,6,7,7,1,1,2,3,7,0,-1,-1,-2,-3,1,1,1,1,1,0,-1,-2,-2,-3,0,0,1,1,1,0,0,0,0,0,0,0,0,0,0,0,0,0,0,0,0,0,0,0,1,0,0,0,0,0,0,0,0,1,1,0,0,0,0,0,0,0,0,0,1,0,0,0,0,0,1,1,1,1,1,0,1,1,1,2,0,0,0,0,0,7,-395.536809014221,-1.18651603073003,5,1.65,4,5,4,1.65,4.8,3.8,1.67,4.72,3.7,1.67,5,3.75,1.65,4.4,3.5,1.7,5.2,4.25,1.68
"747",8,"2016-08-01","Wexford","St. Patricks","A",0,1,"A",1,0,-1,-2,-3,-1,-2,-3,-4,-3,-1,-2,-1,-1,-2,-1,-2,-3,-2,-3,-1,-1,-1,-1,-1,0,0,0,0,0,1,3,3,2,-2,0,0,1,-1,-1,-1,1,0,-2,-1,0,-1,-6,-5,-4,0,-1,-2,-3,-4,0,0,-1,-2,-1,-1,-2,-1,-2,-2,0,0,-1,0,-1,1,1,1,1,1,0,0,0,0,0,0,0,0,1,1,0,0,0,0,0,1,1,1,1,1,0,0,0,0,1,0,0,1,1,1,0,0,0,1,1,0,0,0,0,0,0,0,0,0,1,0,1,1,2,2,0,1,2,3,3,4,-170.6063395885,-0.286641289754055,4.6,1.73,3.8,4.6,3.8,1.73,4.5,3.7,1.71,4.4,3.53,1.76,4.5,3.8,1.75,4.1,3.5,1.75,4.85,3.95,1.77
"748",8,"2016-08-05","Galway","Dundalk","H",1,0,"H",0,1,0,0,0,1,2,3,2,3,1,1,0,-1,-1,1,0,1,2,3,-1,-1,-2,-3,-3,0,1.4,1.4,1.4,2.4,-3,-4,-6,-5,-8,-1,-1,-7,-9,-9,-2,0,1,1,-1,2,1,3,6,8,0,1,1,1,1,0,1,1,0,0,1,1,1,0,1,1,0,1,2,3,0,0,0,0,0,1,1,2,2,3,0,0,0,0,0,0,0,0,0,0,0,0,0,0,1,0,1,2,2,2,0,1,1,1,1,1,1,2,3,4,0,1,1,1,1,0,1,2,2,2,0,0,0,0,0,0,0,0,0,0,4,-751.57066567046,-1.75124977773424,4.8,1.7,3.75,4.8,3.75,1.7,4.6,3.7,1.71,4.68,3.67,1.68,4.75,3.8,1.68,4.4,3.75,1.65,5.32,4.02,1.7
"749",8,"2016-08-05","Shamrock Rovers","Longford","D",2,1,"H",0,1,1,2,2,0,0,-1,-2,-3,1,1,1,2,3,-1,-2,-2,-2,-2,1,2,3,4,4,4.2,8.4,11.4,15.6,15.6,0,1,1,0,1,3,0,1,1,1,0,-1,-5,-9,-9,-3,-7,-6,-9,-11,-1,0,0,1,2,0,0,-1,-1,-2,1,1,2,3,3,-1,-1,-1,-1,-2,1,1,1,1,1,0,0,0,0,0,0,0,0,0,1,0,0,0,0,1,0,0,1,2,2,0,0,0,0,0,0,1,1,2,3,0,0,1,1,1,0,1,1,2,2,0,0,0,0,0,0,0,0,0,0,0,0,1,1,1,-8,632.45289162727,1.64343236084554,1.36,8,4.75,1.36,4.75,8,1.34,4.8,8.25,1.39,4.43,7.65,1.35,4.75,8,1.3,5,7.75,1.39,5.17,8.91
"750",8,"2016-08-05","Wexford","Sligo Rovers","A",0,5,"A",-1,0,-1,-2,-3,0,0,1,1,0,-1,-2,-3,-2,-2,0,-1,0,-1,0,-1,-1,-1,-1,-1,0,0,0,0,0,0,-1,0,0,0,-2,-2,-4,-2,-3,1,-1,3,4,4,-1,-3,-3,-6,-5,-1,-1,-2,-3,-4,0,0,0,0,-1,-1,-2,-3,-2,-3,0,-1,-1,-2,-1,0,1,1,1,1,0,0,1,1,1,0,0,0,0,1,0,0,1,1,1,0,1,1,1,1,1,1,2,3,3,0,0,0,1,1,0,0,0,0,1,0,0,0,0,0,0,0,0,0,0,0,0,1,1,2,0,0,0,0,1,4,-365.863040292734,-0.413769494338339,3.4,2.1,3.5,3.4,3.5,2.1,3.8,3.45,1.91,3.4,3.23,2.08,3.6,3.6,1.9,3.7,3.5,1.85,3.57,3.64,2.13
"751",8,"2016-08-05","Bohemians","Finn Harps","D",2,0,"H",-1,-2,-2,-1,-1,-1,-2,-1,0,1,-1,-1,-1,0,-1,-1,0,0,-1,-1,0,0,0,0,0,1.4,1.4,1.4,1.4,1.4,0,1,0,-1,-3,0,-2,-2,3,1,0,2,2,2,3,0,0,0,-3,-4,-1,-2,-2,-1,-1,0,-1,-1,0,1,-1,-1,-1,0,0,-1,0,-1,-2,-1,0,0,0,0,0,0,0,1,1,1,0,0,0,0,0,0,0,1,1,1,0,0,1,2,2,0,0,1,2,3,0,1,1,1,1,0,1,1,1,1,0,0,0,0,0,0,0,0,1,2,0,1,1,1,1,0,0,0,0,0,1,-125.963150810905,0.310527097895832,1.62,6.5,3.5,1.62,3.5,6.5,1.69,3.45,5.15,1.67,3.51,5.15,1.62,3.6,5.5,1.67,3.6,4.5,1.68,3.64,6.55
"752",8,"2016-08-05","Derry City","St. Patricks","D",1,1,"D",0,1,2,1,2,1,0,-1,-2,-3,1,0,1,2,2,1,0,-1,-2,-1,1,2,1,0,-1,4.2,8.4,8.4,8.4,8.4,-1,0,4,4,4,3,3,4,5,4,0,-1,-3,0,-5,0,4,2,-3,-1,0,1,2,1,2,1,1,1,0,-1,1,0,1,2,1,1,1,1,0,1,0,0,0,0,0,0,0,0,0,0,0,0,0,0,1,0,0,0,0,0,1,2,3,3,4,1,1,1,1,1,1,1,2,3,3,1,1,1,1,2,0,0,1,1,1,0,0,0,0,0,0,0,0,1,1,0,0,1,2,3,-4,381.241287144449,0.455618000642101,2.15,3.5,3.2,2.15,3.2,3.5,2.1,3.2,3.5,2.2,3.23,3.18,2.1,3.25,3.5,2.1,3.2,3.2,2.23,3.38,3.57
"753",8,"2016-08-08","Cork City","Sligo Rovers","A",1,2,"A",1,1,2,3,4,1,1,1,2,2,1,2,3,4,5,1,1,0,1,0,0,1,2,2,3,1.4,5.6,8.6,10,13,-4,-4,-5,-3,-1,-4,-4,-3,-3,0,0,0,-2,-2,-1,0,-1,-4,-5,-7,1,1,2,2,2,1,1,1,1,1,1,1,2,3,4,1,1,0,0,-1,0,0,0,1,2,0,0,0,1,1,0,1,1,1,1,0,0,0,1,1,1,2,3,4,4,1,2,2,3,4,1,1,2,3,3,1,1,1,1,1,0,0,0,1,1,1,1,1,1,1,0,0,0,0,0,0,0,0,0,0,-4,608.19369281535,0.808481779110362,1.5,6.25,3.9,1.5,3.9,6.25,1.5,3.95,6.4,1.51,4.03,6,1.52,3.9,6.25,1.53,3.5,6.25,1.54,4.2,7.31
"754",8,"2016-08-10","Bray","Dundalk","D",2,1,"H",0,1,1,2,2,-1,0,1,2,1,0,1,2,2,1,-1,0,-1,0,1,-1,-2,-3,-4,-5,0,0,0,0,0,1,-2,-7,-6,-6,1,-3,0,-7,-8,0,-3,-3,-3,-4,0,0,-1,-1,1,1,2,2,3,3,-1,-1,0,0,-1,1,2,3,3,2,-1,0,-1,0,1,0,0,0,0,0,0,1,1,2,2,0,0,0,0,0,0,0,0,0,0,0,1,2,3,4,0,0,1,2,2,0,1,2,3,3,0,1,1,2,3,0,0,0,1,1,0,0,1,2,2,0,0,0,0,0,0,0,0,0,0,9,-847.223853647676,-1.56509918097635,10,1.33,4.6,10,4.6,1.33,9.5,4.4,1.34,8.8,4.23,1.37,8.5,4.5,1.35,8.25,4.1,1.36,10.93,4.69,1.39
"755",8,"2016-08-12","Cork City","Bohemians","D",0,0,"D",-1,0,0,1,2,1,0,-1,-1,0,-1,0,1,2,3,-1,0,1,0,0,1,2,3,4,4,4.2,7.2,11.4,14.4,15.8,-1,0,-1,0,2,0,0,1,2,4,2,1,-2,-2,-2,-1,-1,0,-1,-1,-1,0,0,1,1,0,-1,-2,-2,-1,-1,0,0,1,2,-1,0,1,0,0,0,0,0,0,1,1,1,1,1,1,0,0,1,1,1,0,0,0,0,0,0,1,2,3,4,1,1,1,2,3,0,1,1,2,3,0,1,2,2,3,0,0,0,0,1,1,1,1,1,1,0,0,0,0,0,0,0,1,1,1,-6,721.53235772682,0.922244244641298,1.4,9.5,4.2,1.4,4.2,9.5,1.45,3.95,7.5,1.46,4,7.05,1.4,4.2,7.5,1.4,3.9,8,1.49,4.17,8.62
"756",8,"2016-08-12","Finn Harps","Derry City","A",0,5,"A",-1,-2,-3,-2,-1,0,0,1,2,1,-1,0,1,0,0,0,1,1,0,1,0,1,1,1,1,1.4,4.4,4.4,4.4,4.4,-1,-1,-2,-5,-3,0,0,3,2,1,1,2,3,3,-2,1,1,1,6,6,0,0,-1,-1,0,0,0,1,2,1,0,0,1,0,0,0,1,1,1,1,0,0,0,1,1,0,0,0,0,0,0,1,1,1,1,0,0,0,0,1,0,0,0,1,2,0,1,2,3,3,0,1,2,2,3,1,2,3,3,4,0,0,0,0,1,0,0,0,1,1,1,1,1,1,1,0,0,0,0,1,6,-378.349762967488,-0.890009009235264,1,1,1,NA,NA,NA,NA,NA,NA,NA,NA,NA,NA,NA,NA,NA,NA,NA,NA,NA,NA
"757",8,"2016-08-12","Sligo Rovers","Shamrock Rovers","D",3,2,"H",1,2,2,2,3,1,1,2,2,3,0,1,1,2,3,0,1,0,1,0,-1,-2,-2,-3,-4,0,0,1,1,1,0,4,1,3,2,-1,-2,-2,-3,1,0,-1,-2,0,0,-1,-1,-3,-3,-4,1,2,2,2,2,0,-1,0,0,1,0,0,0,1,2,-1,0,-1,-1,-2,0,0,0,0,1,1,2,2,2,2,0,1,1,1,1,1,1,1,2,2,0,1,2,2,3,0,0,0,1,2,1,2,3,4,4,0,1,1,2,2,0,1,1,1,1,0,0,1,1,2,0,0,0,0,0,0,0,0,0,0,1,-82.1676510739669,-0.00167116335269668,2.38,3.13,3.13,2.38,3.13,3.13,2.35,3.15,3.05,2.36,3.05,3.04,2.35,3.3,2.85,2.2,3.1,3.1,2.44,3.26,3.25
"758",8,"2016-08-12","St. Patricks","Galway","H",1,0,"H",0,1,0,-1,-2,1,1,2,1,1,-1,0,0,-1,0,0,-1,-1,0,-1,1,0,1,2,3,4.2,4.2,8.4,11.4,15.6,0,0,-4,-4,-5,-1,3,5,3,6,1,0,-1,0,1,1,0,2,2,0,0,1,1,1,0,1,1,2,2,2,-1,0,0,0,1,0,0,0,1,1,0,0,0,0,0,0,0,0,0,0,0,0,0,0,0,0,0,0,0,0,0,1,1,1,1,1,1,1,1,1,0,1,1,1,2,0,0,0,0,0,0,0,0,0,0,0,0,1,1,1,0,0,0,1,2,0,0,0,0,0,1,-99.7567855168267,-0.245285731897251,2.2,3.2,3.4,2.2,3.4,3.2,2.15,3.3,3.25,2.35,3.18,2.94,2.2,3.35,3.1,2,3.2,3.5,2.43,3.44,3.1
"759",8,"2016-08-12","Wexford","Longford","H",2,0,"H",-1,-2,-1,-2,-3,-1,-1,-1,-2,-3,-1,-2,-3,-4,-3,-1,-2,-3,-3,-3,1,0,0,0,0,4.2,4.2,4.2,4.2,4.2,-1,-2,-3,-1,-4,-1,-1,-4,-4,-5,3,3,1,1,-2,3,0,-3,-2,-5,-1,-2,-2,-3,-4,0,0,0,-1,-1,-1,-2,-3,-4,-3,0,-1,-1,-1,-1,0,0,1,1,1,0,0,0,0,0,0,0,0,0,0,0,0,0,0,0,0,0,1,1,1,0,0,0,0,0,0,0,0,0,1,0,0,0,1,1,0,0,0,0,0,0,0,0,0,0,1,1,1,2,2,0,0,0,1,1,-1,41.1694563584925,-0.0987890480579736,2.3,2.9,3.5,2.3,3.5,2.9,2.4,3.35,2.8,2.29,3.13,3.08,2.4,3.25,2.8,2.35,3.2,2.75,2.36,3.56,3.12
"760",8,"2016-08-15","Bohemians","Sligo Rovers","A",3,2,"H",0,1,0,-1,-1,1,2,3,3,3,1,0,0,0,1,1,2,2,1,2,-1,0,1,2,2,0,3,7.2,10.2,11.6,-3,-3,-8,-7,-9,0,-5,-7,-6,-3,-2,-3,-2,1,-1,-1,0,-2,-4,-4,0,0,-1,-2,-2,0,1,2,2,2,0,-1,-1,-1,0,1,2,2,1,1,0,1,1,1,1,1,1,1,1,1,1,1,1,1,1,0,0,0,0,1,1,2,2,2,3,0,0,1,2,2,1,1,2,2,2,0,1,1,1,1,0,1,1,1,1,0,0,1,1,1,0,0,0,1,1,0,0,0,0,0,3,-334.459950436306,-0.483401513224148,2.9,2.45,3.25,2.9,3.25,2.45,2.8,3.1,2.5,2.86,3.15,2.43,2.75,3.1,2.55,2.6,3.1,2.55,2.91,3.25,2.67
"761",8,"2016-08-15","Derry City","Cork City","D",0,0,"D",1,1,1,2,3,0,-1,0,0,1,0,1,0,1,2,1,1,2,3,4,-1,0,0,-1,-2,0,3,4.4,4.4,4.4,5,5,4,5,8,0,4,1,1,1,0,-1,-1,-1,-1,1,1,6,6,6,1,1,1,2,3,0,-1,0,0,1,0,1,0,1,2,1,1,1,1,1,0,0,0,0,0,0,0,0,0,0,0,0,0,0,0,0,0,1,2,3,1,1,2,3,4,1,1,2,3,4,0,1,1,2,3,1,2,3,4,5,1,1,1,1,2,0,0,0,0,0,0,0,0,0,0,0,0,0,0,0,-1,-180.087251149705,-0.0974333901820934,4.3,1.93,3.25,4.3,3.25,1.93,3.9,3.25,1.95,3.59,3.25,2.03,3.9,3.2,1.95,4.1,3.2,1.85,4.2,3.51,1.99
"762",8,"2016-08-15","Longford","St. Patricks","D",0,1,"A",-1,-2,-2,-2,-3,1,1,2,1,0,0,0,-1,-2,-3,0,1,0,-1,-2,0,-1,-2,-3,-3,1.4,1.4,1.4,1.4,2.4,-1,-1,-1,1,1,0,1,1,1,0,2,3,4,5,7,0,2,2,2,0,-1,-1,-1,-1,-2,1,1,2,2,2,0,0,-1,-2,-2,0,1,1,1,0,0,0,0,0,0,0,0,0,0,0,0,0,0,0,0,0,0,0,0,0,0,0,0,0,0,1,1,2,2,2,0,0,0,0,0,0,1,1,1,1,0,0,0,0,0,0,0,0,0,0,1,1,1,1,2,0,0,0,0,1,5,-465.660482242434,-1.20911631237117,5.4,1.6,4,5.4,4,1.6,5.35,3.9,1.57,5.15,3.68,1.62,6,3.85,1.52,5,3.6,1.6,5.61,4.25,1.64
"763",8,"2016-08-15","Shamrock Rovers","Wexford","H",3,1,"H",-1,0,0,1,1,1,0,-1,0,-1,1,2,2,2,3,1,0,-1,-2,-3,-1,0,0,0,0,0,3,3,3,3,0,2,3,5,3,1,2,2,3,4,3,-1,-1,0,-4,1,-2,-5,-5,-8,0,0,-1,0,0,1,0,-1,-1,-2,0,1,1,2,3,0,-1,-2,-3,-3,0,1,2,2,2,0,0,0,1,1,1,1,1,1,1,1,1,1,1,1,0,0,0,0,1,1,1,1,2,2,0,0,1,1,2,1,1,1,1,1,0,0,0,1,1,1,1,1,1,1,0,0,0,0,0,0,1,1,1,2,-7,559.660790687414,1.30348891559334,1.45,7,4.4,1.45,4.4,7,1.49,4.15,6.2,1.55,3.78,6.1,1.45,4.25,6.75,1.45,4.2,5.75,1.55,4.44,6.54
"764",8,"2016-08-19","Galway","Bray","A",0,2,"A",-1,0,0,1,0,1,1,2,2,3,1,2,2,1,0,0,0,-1,-2,-3,1,2,2,1,2,4.2,7.2,8.6,8.6,12.8,-2,-2,-2,2,-1,1,5,5,6,6,0,-1,0,2,3,0,2,0,1,2,-1,0,0,1,1,0,1,2,2,3,1,2,2,2,1,0,0,-1,-2,-2,0,0,0,0,0,1,1,1,1,1,0,0,0,0,0,0,0,0,0,0,0,1,1,1,1,0,0,1,2,3,1,1,2,2,2,1,2,2,2,2,0,0,0,1,1,0,0,0,0,1,0,0,0,0,0,0,0,0,0,0,-3,133.231721260738,-0.0169391324984041,2,3.9,3.3,2,3.3,3.9,2,3.25,3.8,2.01,3.15,3.8,1.9,3.4,3.9,2.1,3.2,3.2,1.99,3.45,4.29
"765",8,"2016-08-26","Cork City","Longford","H",5,2,"H",0,0,-1,0,0,-1,-2,-3,-3,-3,0,-1,0,1,2,-1,-2,-3,-4,-4,1,2,1,2,3,4.2,7.2,7.2,11.4,14.4,0,0,0,0,-2,0,0,1,0,1,-1,-3,-3,-4,-6,-2,-2,-6,-9,-9,0,0,-1,0,0,0,-1,-1,-1,-1,0,-1,0,0,1,-1,-1,-2,-2,-2,0,0,0,0,0,0,0,0,0,0,0,0,0,1,1,0,0,0,0,0,1,2,2,3,4,0,0,0,0,0,1,1,2,2,3,0,0,0,0,1,0,0,0,0,0,0,0,0,0,0,0,0,0,0,0,0,1,1,1,1,-9,997.094337981655,1.96685965869837,1.12,22,8.5,1.12,8.5,22,1.12,7.75,18,1.14,7.7,14.75,1.14,7.5,15,1.12,7,16,1.15,8.99,22.02
"766",8,"2016-08-26","Finn Harps","Shamrock Rovers","D",0,2,"A",-1,-2,-3,-4,-3,1,0,1,1,2,-1,-2,-1,0,-1,-1,-1,0,-1,0,0,-1,-1,-1,-1,1.4,1.4,1.4,1.4,1.4,-3,-5,-7,-8,-10,-2,-3,-4,-1,-3,4,3,3,3,2,2,2,2,0,7,-1,-1,-1,-2,-2,1,1,1,0,1,-1,-1,-1,0,-1,0,-1,0,-1,-1,0,0,0,0,1,0,0,1,2,2,0,0,1,1,1,0,1,1,1,2,0,0,0,0,1,0,0,0,0,0,0,0,1,2,2,0,0,1,1,2,0,0,0,0,0,1,1,1,1,2,1,2,2,2,2,0,0,0,0,0,6,-410.067642218595,-1.52603475420424,5.5,1.7,3.4,5.5,3.4,1.7,5.55,3.45,1.65,4.8,3.58,1.69,5.5,3.4,1.65,5.5,3.4,1.6,6.15,3.62,1.71
"767",8,"2016-08-26","St. Patricks","Bohemians","D",0,1,"A",1,2,2,3,2,1,1,2,1,0,1,0,1,1,0,0,-1,0,1,0,-1,0,-1,0,1,0,3,3,6,10.2,-2,-1,-2,-1,-2,1,0,3,5,5,-2,-2,-1,-2,-4,0,-1,-1,2,2,0,1,1,2,2,-1,-1,-1,-2,-3,1,0,1,1,1,0,-1,0,1,0,1,1,1,1,1,1,1,2,2,2,0,0,0,0,0,0,0,0,0,0,1,2,2,3,3,0,1,2,2,2,1,1,2,2,2,1,1,2,3,3,0,0,0,0,0,0,0,1,1,1,0,0,0,0,0,0,0,0,0,1,-2,83.8358164544738,-0.179854703429019,2.05,3.8,3.25,2.05,3.25,3.8,2,3.25,3.75,2.03,3.25,3.61,2.1,3.25,3.3,2,3.2,3.5,2.07,3.38,4.08
"768",8,"2016-08-26","Wexford","Dundalk","A",0,1,"A",-1,0,-1,-2,-1,-1,-2,-1,0,1,1,0,-1,-2,-3,-1,-2,-1,-2,-1,-1,-2,-2,-2,-2,0,0,0,0,0,0,2,-2,-7,-8,1,1,-4,-4,-11,1,0,2,3,3,-2,2,3,3,4,-1,0,-1,-2,-2,0,-1,-1,0,0,1,0,-1,-2,-3,0,-1,0,-1,0,0,0,0,0,1,0,0,1,1,2,0,0,0,0,0,0,0,0,0,0,0,1,1,1,2,0,0,0,1,2,1,1,1,1,1,0,0,1,1,2,0,1,1,1,1,0,0,0,1,2,1,1,2,2,2,0,0,0,0,0,10,-955.181827425417,-2.1230457220555,11,1.25,6,11,6,1.25,11.75,5.95,1.22,9.23,5.95,1.24,11,5.5,1.25,9.5,5.25,1.25,13.34,6.62,1.25
"769",8,"2016-08-27","Bray","Derry City","D",2,2,"D",1,2,2,3,3,0,1,1,1,2,1,1,2,3,3,1,1,2,2,1,-1,-2,-3,-2,-2,0,0,0,3,4.4,2,-1,-1,0,-1,-3,-2,-2,1,0,0,1,1,1,1,1,2,2,2,0,1,1,2,3,3,0,1,1,1,2,0,1,2,3,3,1,1,2,2,2,0,1,1,1,1,0,0,0,0,0,1,1,1,1,1,0,0,0,0,0,1,1,1,2,3,1,2,2,3,4,0,0,1,2,3,1,2,3,4,4,1,1,1,1,1,0,1,1,1,1,0,0,0,0,0,0,0,0,0,0,6,-351.566629604726,-0.369234460652272,3.3,2.3,3.1,3.3,3.1,2.3,3.2,3.05,2.3,3.15,3.05,2.31,3.25,3,2.3,3,3,2.3,3.44,3.28,2.32
"770",8,"2016-08-27","Sligo Rovers","Galway","D",2,1,"H",-1,0,1,2,2,-1,-2,-1,-1,0,1,1,2,2,3,-1,-1,-2,-2,-1,1,1,0,0,1,4.2,5.2,5.2,6.2,10.4,2,5,6,10,6,3,2,3,2,1,1,2,3,2,0,1,0,-1,-2,-3,1,1,2,3,3,-1,-2,-1,-1,0,0,0,0,0,1,-1,-1,-1,-1,0,0,1,1,1,1,0,0,0,0,0,1,1,2,2,2,0,0,0,0,0,0,0,0,1,2,0,0,1,1,1,0,1,2,3,4,0,0,0,0,0,0,0,0,1,1,0,0,0,0,1,0,0,0,0,0,1,1,1,1,1,-3,235.009553016985,0.58774178400358,1.9,4.1,3.5,1.9,3.5,4.1,1.91,3.4,3.95,1.98,3.3,3.65,1.9,3.45,3.85,1.9,3.4,3.6,1.97,3.56,4.22
"771",8,"2016-08-30","Shamrock Rovers","Derry City","A",0,1,"A",1,2,1,2,2,0,0,1,1,1,1,2,3,3,3,0,1,1,2,2,-1,-2,-1,-1,0,0,0,3,4.4,7.4,0,3,0,1,2,1,-2,1,0,1,-2,-1,2,2,3,-1,0,1,1,2,0,1,1,1,0,0,0,1,1,1,1,1,2,2,3,0,1,1,2,2,1,1,1,2,3,0,0,0,0,0,0,1,1,1,1,0,0,0,0,0,1,1,1,1,1,0,1,2,2,3,0,0,0,1,1,0,1,2,3,4,1,2,2,2,2,0,0,1,1,1,0,0,0,0,0,0,0,0,0,0,1,-14.1480572552321,-0.131395821557373,2.3,3.3,3.13,2.3,3.13,3.3,2.25,3.15,3.2,2.31,3.05,3.13,2.2,3.2,3.25,2.2,3.1,3.1,2.33,3.34,3.38
"772",8,"2016-08-30","Cork City","Bray","H",4,0,"H",1,1,1,0,1,0,1,2,2,3,1,1,0,1,2,1,1,1,0,-1,1,1,2,3,3,4.2,5.6,8.6,12.8,13.8,3,1,-1,-1,-1,3,3,4,5,7,0,0,-1,0,0,2,2,4,2,2,1,1,1,0,1,0,1,1,2,3,1,1,0,1,1,1,1,1,0,-1,0,0,0,0,0,0,0,1,1,1,0,0,0,0,1,0,0,0,0,0,0,1,2,2,3,0,1,1,1,2,0,1,1,2,2,1,2,3,3,3,1,1,1,1,1,0,1,1,1,1,0,0,0,0,0,0,0,0,0,0,-6,587.397551464615,0.553571760862884,1.44,7.5,4.2,1.44,4.2,7.5,1.38,4.3,8.25,1.4,4.28,7.7,1.4,4.2,7.75,1.4,4.1,7.25,1.45,4.51,8.87
"773",8,"2016-09-02","Bohemians","Dundalk","A",1,2,"A",1,2,2,3,2,1,0,-1,0,1,1,2,1,1,1,1,0,-1,0,-1,-1,-1,0,-1,-2,0,1,5.2,5.2,5.2,0,2,2,0,-5,2,3,3,-2,-1,0,0,-1,-4,-3,2,0,0,0,0,0,-1,-1,-1,-2,1,1,0,0,1,-1,-1,-2,-2,-2,1,1,0,1,0,1,2,2,3,3,0,0,0,1,1,1,2,2,2,2,0,0,0,0,0,1,1,2,3,3,1,1,1,1,2,0,1,1,2,2,1,1,1,2,2,0,0,0,1,1,0,0,0,0,1,0,0,0,0,0,0,0,0,0,0,6,-572.016551334685,-0.771984888742736,7.5,1.45,4.2,7.5,4.2,1.45,NA,NA,NA,NA,NA,NA,6.5,4.15,1.45,5.75,3.7,1.53,NA,NA,NA
"774",8,"2016-09-02","Derry City","Galway","D",0,0,"D",1,1,1,2,2,-1,-2,-3,-2,-2,0,0,1,0,1,-1,-2,-2,-3,-3,0,1,2,1,2,1.4,4.4,8.6,8.6,12.8,0,2,2,6,6,-1,0,3,3,3,-2,-2,-3,-3,-3,-2,-2,-3,1,0,1,1,1,2,2,0,-1,-2,-1,-1,0,0,1,0,1,0,-1,-1,-1,-1,0,0,0,0,0,0,0,0,0,0,0,0,0,0,0,0,0,0,0,0,1,1,2,3,3,0,0,0,1,1,1,1,2,2,3,0,0,0,0,0,0,0,0,1,1,0,0,0,0,0,0,0,0,0,0,0,1,1,1,1,-5,483.732214601992,0.933948560029677,1.83,4.4,3.5,1.83,3.5,4.4,1.83,3.35,4.3,1.83,3.25,4.49,1.85,3.45,4,1.7,3.5,4.5,1.86,3.58,4.79
"775",8,"2016-09-02","Shamrock Rovers","St. Patricks","D",0,0,"D",-1,0,1,0,1,-1,0,1,1,2,-1,0,1,2,2,1,1,2,1,0,1,0,-1,-1,0,4.2,4.2,4.2,5.6,8.6,0,1,3,4,5,-1,1,2,5,5,0,0,1,3,4,1,1,2,2,0,-1,-1,0,0,0,0,0,1,1,2,-1,0,0,1,1,0,0,1,1,1,0,1,1,1,2,0,1,1,1,1,0,0,1,1,1,1,1,1,1,1,0,1,1,1,1,0,1,2,2,3,0,0,0,0,1,1,1,2,2,2,0,1,2,2,2,0,0,0,0,0,0,0,0,0,0,0,0,0,0,0,-2,219.247045305462,0.488454740845988,2.05,3.8,3.25,2.05,3.25,3.8,2,3.15,3.75,2.1,3.15,3.48,1.95,3.2,4,2,3.1,3.6,2.12,3.33,3.93
"776",8,"2016-09-06","Galway","Shamrock Rovers","A",0,1,"A",0,-1,-2,-3,-2,0,-1,0,1,0,-1,0,1,1,0,1,0,0,1,0,-1,-2,-3,-4,-5,0,0,0,0,0,0,1,-1,-4,-5,-2,-3,0,-2,-1,0,1,3,3,0,2,-1,0,0,0,0,0,-1,-2,-1,0,-1,-1,0,0,-1,0,1,1,1,0,0,-1,0,-1,0,0,0,0,0,0,0,1,1,1,0,0,0,0,0,1,1,2,2,2,1,1,1,1,2,1,1,2,2,2,0,1,1,2,2,1,1,1,2,2,0,0,0,0,0,0,0,1,2,2,0,0,1,1,1,0,0,0,0,0,4,-212.560274000151,-0.406591572696207,3.7,2.05,3.3,3.7,3.3,2.05,3.6,3.25,2.05,3.4,3.29,2.07,3.6,3.2,2.1,3.4,3.25,2,4.09,3.41,2.05
"777",8,"2016-09-06","Sligo Rovers","Dundalk","A",0,1,"A",1,0,1,2,3,1,2,1,0,1,1,2,2,3,3,1,2,1,0,1,-1,-1,-2,-3,-3,0,1.4,1.4,1.4,2.4,0,1,3,5,6,0,2,1,2,-3,0,3,3,3,0,0,2,0,-1,-1,0,1,1,2,3,1,2,2,1,1,0,0,0,0,0,1,2,2,1,2,1,1,2,2,2,0,0,0,0,1,1,2,2,3,3,0,0,0,0,0,0,0,0,0,1,0,1,1,1,1,0,0,1,2,3,0,1,1,1,2,0,0,0,0,1,0,0,0,0,0,0,0,0,0,0,0,0,0,0,0,4,-449.957047549431,-0.668853897346601,5.25,1.65,3.8,5.25,3.8,1.65,4.95,3.75,1.65,4.73,3.6,1.69,5.25,3.9,1.6,4.4,3.75,1.65,5.53,3.97,1.69
"778",8,"2016-09-06","St. Patricks","Bray","H",1,2,"A",0,-1,0,1,1,-1,-1,0,1,1,-1,0,-1,0,0,-1,0,0,0,-1,-1,0,-1,0,1,0,3,3,6,10.2,0,-2,-3,-4,-4,0,-1,-1,3,6,-4,-5,-5,-6,-6,-3,-3,-1,-1,0,0,0,0,1,1,-1,-1,0,0,1,0,1,0,1,1,-1,0,0,0,-1,0,0,1,1,1,0,0,0,1,1,0,0,0,0,0,0,0,0,0,0,1,1,2,3,3,0,0,1,1,1,0,1,1,2,2,0,1,2,3,3,0,0,0,0,0,0,0,1,1,1,0,0,0,0,0,1,1,1,1,1,-3,111.088270577317,0.00216488627250655,2.2,3.4,3.2,2.2,3.2,3.4,2.1,3.2,3.45,2.14,3.08,3.48,2.2,3.25,3.3,2.15,3.1,3.2,2.17,3.36,3.74
"779",8,"2016-09-10","Longford","Bray","A",0,2,"A",-1,-2,-3,-4,-4,1,0,0,1,2,-1,-1,-1,-2,-3,1,0,1,1,1,0,0,1,2,3,1.4,2.4,5.4,9.6,12.6,0,0,-2,-3,-4,-2,-1,-1,-1,-1,4,1,1,3,3,0,-3,-1,0,2,-1,-1,-2,-2,-2,-1,-2,-2,-1,-1,0,0,0,-1,-2,-1,-2,-1,-1,-1,0,0,0,0,0,1,1,1,1,2,0,0,0,0,0,1,1,1,1,1,0,0,0,0,0,0,0,0,1,1,0,0,0,0,0,0,0,1,2,3,0,0,0,0,0,0,0,0,1,1,1,1,2,2,2,0,1,1,1,1,3,-478.244183582261,-1.37548963080934,5,1.73,3.6,5,3.6,1.73,4.8,3.55,1.71,4.5,3.63,1.72,4.75,3.3,1.75,4.5,3.4,1.72,5.38,3.78,1.74
"780",8,"2016-09-12","Dundalk","Finn Harps","H",2,0,"H",1,2,3,2,1,-1,-2,-3,-4,-5,1,2,3,4,5,-1,-2,-1,-1,-2,1,2,2,2,2,4.2,7.2,7.2,7.2,7.2,1,3,4,5,5,4,6,7,7,9,-2,-6,-8,-7,-7,1,0,2,1,-2,1,2,3,3,2,0,-1,-1,-1,-2,0,0,0,1,1,0,-1,0,-1,-2,0,0,0,0,0,0,0,0,0,0,1,2,3,3,4,0,0,0,1,1,1,1,2,2,2,0,0,0,0,0,0,1,1,2,2,0,0,1,1,1,0,0,0,0,0,0,0,0,0,0,0,0,0,0,0,1,2,3,3,3,-9,990.304732573222,2.31729741755016,1,1,1,NA,NA,NA,NA,NA,NA,NA,NA,NA,NA,NA,NA,NA,NA,NA,NA,NA,NA
"781",8,"2016-09-16","Cork City","Shamrock Rovers","H",3,0,"H",1,2,2,2,1,1,1,0,1,2,1,2,2,1,2,1,2,1,1,2,0,1,0,0,0,1.4,4.4,4.4,5.4,6.8,3,8,8,6,4,3,6,4,4,3,0,2,1,1,2,0,2,-1,0,0,1,2,2,2,1,1,1,0,0,1,1,2,2,1,2,1,1,1,0,1,0,0,0,0,0,0,0,0,1,1,0,0,0,0,0,0,1,1,2,2,1,1,2,3,3,1,2,2,3,3,1,1,2,2,3,1,2,2,2,3,1,2,2,2,2,0,0,0,1,2,0,0,0,0,0,0,0,0,0,0,-2,351.196635768284,0.770587887010638,1.36,9.5,4.5,1.36,4.5,9.5,1.34,4.5,9.25,1.39,4.38,7.7,1.32,4.3,10,1.45,4.1,6,1.38,4.88,10.58
"782",8,"2016-09-16","Finn Harps","Longford","A",0,1,"A",-1,-2,-3,-4,-5,-1,-2,-3,-4,-5,-1,-2,-3,-2,-1,-1,-2,-3,-4,-5,1,2,2,2,2,4.2,7.2,7.2,7.2,7.2,0,-2,-2,-2,-3,-2,-2,-3,-2,-2,0,-3,1,1,0,-3,0,-1,-5,-9,-1,-1,-2,-2,-2,-1,-2,-2,-3,-3,0,-1,-1,-1,0,-1,-2,-2,-3,-3,0,0,0,0,0,0,0,0,0,0,0,0,0,1,1,0,0,0,0,0,0,0,0,0,0,0,0,0,0,0,0,0,0,1,2,0,0,0,0,0,0,0,0,0,0,0,0,0,0,0,1,2,3,4,4,1,2,2,3,3,-2,271.175299203795,0.257260688370938,2.2,3.3,3.3,2.2,3.3,3.3,2.1,3.25,3.4,2.18,3.13,3.33,2.05,3.25,3.6,1.95,3.25,3.6,2.21,3.43,3.55
"783",8,"2016-09-16","Galway","Bohemians","D",2,0,"H",-1,-1,-2,-3,-4,-1,0,1,1,2,-1,-2,-1,0,0,1,1,0,1,2,0,1,0,1,0,1.4,4.4,4.4,7.4,7.4,-1,-2,-4,-4,-6,-1,-1,-1,2,1,-1,-1,-1,1,2,1,3,0,2,2,-1,-1,-1,-2,-3,-1,-1,-2,-2,-2,-1,-2,-1,0,0,0,0,-1,0,1,0,0,0,0,0,0,1,2,2,3,0,0,0,0,0,1,1,1,1,1,0,1,1,1,1,0,1,1,2,3,0,0,1,1,2,1,2,2,3,4,0,0,0,0,0,0,0,0,0,1,0,0,0,1,1,0,0,0,0,0,1,-76.8942324194836,-0.407405400282684,3,2.4,3.2,3,3.2,2.4,2.85,3.1,2.45,2.95,3.08,2.41,2.85,3.1,2.5,2.5,3.1,2.65,3.02,3.29,2.57
"784",8,"2016-09-16","Wexford","Derry City","D",0,0,"D",-1,-2,-1,-2,-3,0,1,1,1,2,-1,0,-1,-2,-3,1,1,2,2,3,-1,-2,-2,-2,-2,0,0,0,0,0,0,0,0,0,-5,-1,-1,-6,-6,-7,1,4,2,7,8,1,-1,4,5,6,-1,-2,-1,-2,-3,0,1,1,1,2,-1,0,-1,-2,-3,1,1,2,2,3,0,0,0,0,0,0,0,0,0,0,0,0,0,0,0,0,0,0,0,0,0,0,1,1,1,1,2,2,3,4,0,1,1,1,1,1,1,2,3,4,0,0,1,1,1,0,0,0,0,1,0,1,1,2,2,0,0,0,0,0,8,-760.828156330578,-1.50274446824737,4.8,1.7,3.75,4.8,3.75,1.7,4.95,3.6,1.67,4.85,3.53,1.7,5,3.75,1.62,4.33,3.6,1.7,5.41,3.86,1.72
"785",8,"2016-09-17","Bray","Sligo Rovers","H",4,0,"H",1,2,1,1,2,-1,0,-1,0,1,0,1,1,2,3,-1,0,1,1,0,0,1,0,1,2,1.4,4.4,4.4,7.4,11.6,2,2,0,-1,-1,0,0,-4,-5,-2,-1,-1,0,0,-1,-1,-1,0,-2,-5,1,0,-1,-1,0,-1,-1,0,0,1,0,0,1,2,3,1,2,3,3,2,0,1,1,1,1,0,1,1,2,2,0,1,1,1,1,0,0,0,0,0,1,1,1,1,2,0,0,0,0,0,0,0,0,1,2,0,0,1,1,1,1,1,1,1,2,0,0,0,0,0,0,0,1,1,1,0,0,0,0,0,4,-143.665330636588,-0.207353541641329,2.8,2.55,3.25,2.8,3.25,2.55,2.8,3.15,2.5,2.78,3.05,2.55,2.75,3.3,2.45,2.65,3.3,2.4,2.95,3.26,2.64
"786",8,"2016-09-19","Finn Harps","Cork City","D",0,1,"A",-1,-2,-3,-4,-5,1,2,3,3,3,-1,-2,-3,-4,-3,0,1,1,2,3,-1,-1,-1,-1,-1,0,0,0,0,0,-3,-7,-12,-12,-12,0,-1,-1,-4,-4,1,3,3,8,10,1,3,8,9,9,-1,-2,-2,-3,-3,1,2,3,3,3,-1,-1,-2,-2,-2,0,1,1,1,1,0,0,0,0,0,0,0,0,0,0,0,0,0,0,1,0,0,0,1,2,0,0,0,0,0,1,2,2,3,4,0,0,0,0,1,1,2,3,4,5,0,0,0,0,0,1,2,3,3,3,0,1,2,3,4,0,0,0,0,0,8,-953.370948137303,-2.63198817955656,19,1.18,6.25,19,6.25,1.18,13.75,5.9,1.2,11.75,5.9,1.21,13,5.75,1.22,16,5.25,1.18,14.31,6.16,1.26
"787",8,"2016-09-19","Bohemians","Wexford","H",1,0,"H",-1,-2,-1,0,0,0,-1,-2,-1,-2,-1,0,1,0,0,-1,0,-1,-2,-3,1,1,1,1,1,4.2,5.2,5.2,5.2,5.2,0,1,1,2,2,0,2,2,2,2,2,3,0,2,-3,-1,1,-3,-5,-6,0,-1,-1,-2,-2,0,-1,-2,-1,-2,-1,-2,-2,-3,-3,-1,-1,-2,-3,-4,0,0,1,2,2,0,0,0,0,0,0,1,2,2,2,0,1,1,1,1,0,0,1,1,2,1,1,1,2,2,0,0,1,1,2,0,1,1,1,1,0,0,0,0,0,0,0,0,1,1,1,1,1,1,1,0,0,1,1,2,-2,319.455864439157,0.77263519092293,1.73,4.75,3.7,1.73,3.7,4.75,1.71,3.55,4.8,1.76,3.55,4.29,1.65,3.75,5,1.62,3.5,5,1.77,3.69,5.29
"788",8,"2016-09-20","Dundalk","Shamrock Rovers","A",1,1,"D",1,2,3,4,3,-1,0,0,-1,0,1,2,3,4,5,-1,0,1,0,0,1,1,2,2,2,4.2,5.6,8.6,10,11,2,2,4,5,4,2,5,5,6,6,-3,-3,-2,-3,-1,-3,0,0,-1,-2,1,2,3,4,4,-1,0,0,-1,-1,1,1,1,1,2,-1,0,0,0,-1,0,0,0,0,0,0,0,0,0,1,0,1,2,3,3,0,0,1,1,2,1,2,2,3,3,0,1,2,2,3,1,1,2,2,3,0,1,2,2,2,1,1,1,1,1,0,0,0,0,1,0,0,0,0,0,1,1,1,1,1,-3,624.333682274086,0.904046132929171,1.29,12,5,1.29,5,12,1.29,4.8,10.75,1.31,4.63,9.9,1.33,4.5,9.5,1.3,4.6,8.5,1.34,5.15,11.8
"789",8,"2016-09-23","Bohemians","Longford","H",1,0,"H",1,0,-1,0,1,1,0,-1,-2,-3,1,0,1,2,1,1,0,-1,-2,-3,1,2,2,1,2,4.2,7.2,8.2,8.2,11.2,0,0,-1,0,3,0,-1,2,3,3,0,0,-3,-4,-4,0,-3,-3,-5,-8,1,1,0,0,-1,1,0,-1,-1,-2,1,0,-1,-1,-2,1,0,-1,-1,-2,0,0,0,1,2,0,0,0,0,0,0,0,1,2,2,0,0,0,0,0,1,1,1,2,2,1,1,1,1,1,1,1,1,2,2,1,1,1,1,1,0,0,0,0,0,0,0,0,0,0,0,1,1,1,1,0,1,2,2,3,-6,440.041453393516,1.2483957149489,1.67,5.5,3.6,1.67,3.6,5.5,1.67,3.5,5.35,1.63,3.73,5.2,1.72,3.5,5,1.7,3.5,4.33,1.66,3.79,6.31
"790",8,"2016-09-23","Dundalk","Derry City","H",3,1,"H",0,1,2,3,4,0,0,1,1,1,0,1,2,3,4,0,1,1,2,2,1,1,2,3,4,4.2,5.2,9.4,12.4,16.6,1,3,3,3,4,1,2,4,1,4,1,1,1,0,0,1,1,2,2,4,-1,0,1,2,3,0,0,1,1,1,-1,0,0,0,0,0,1,1,2,2,1,1,1,1,1,0,0,0,0,0,1,1,2,3,4,0,0,0,0,0,0,1,2,2,3,1,2,3,3,4,0,1,1,2,2,1,2,2,3,4,0,1,1,1,1,0,0,0,0,0,0,0,0,0,0,0,0,0,0,0,-2,420.625843062955,0.499748322564901,1.4,9,4.3,1.4,4.3,9,1.37,4.35,8.5,1.4,4.08,8.25,1.37,4.5,8.5,1.36,4.33,7.5,1.44,4.53,9.17
"791",8,"2016-09-23","Shamrock Rovers","Galway","H",4,2,"H",0,-1,0,0,-1,1,0,0,-1,-2,0,-1,0,1,2,0,-1,-2,-2,-3,1,2,3,4,5,4.2,7.2,10.2,14.4,17.4,-1,-1,0,-1,-1,0,-1,2,3,6,1,3,3,1,0,0,-1,-1,-1,-1,1,0,1,1,0,0,-1,-1,-1,-2,0,-1,0,0,1,0,0,-1,-1,-1,0,0,0,0,0,1,1,1,1,1,0,0,0,1,1,0,0,0,0,0,0,0,1,2,2,1,1,2,2,2,1,1,1,1,1,1,1,1,1,1,0,0,0,0,0,1,1,1,1,1,0,1,1,1,1,0,0,0,0,1,-3,300.034326813226,0.251996120122676,1.85,4.3,3.5,1.85,3.5,4.3,1.87,3.35,4.15,1.87,3.28,4.03,1.9,3.4,4,1.87,3.25,3.9,1.92,3.55,4.5
"792",8,"2016-09-23","Wexford","Bray","A",1,3,"A",-1,-1,-2,-3,-2,1,2,3,2,2,0,-1,0,-1,-2,1,2,1,2,2,-1,0,0,0,0,0,3,3,3,3,-4,-6,-8,-7,-7,-2,-4,-2,-4,-4,1,1,1,0,-2,0,0,-4,1,2,-1,-1,-2,-3,-2,1,2,1,0,0,0,-1,0,-1,-2,1,0,-1,0,0,0,0,0,0,0,0,0,1,1,1,0,0,0,0,0,0,1,1,1,1,0,1,1,1,2,1,2,2,2,2,1,1,2,2,2,1,1,1,2,3,0,0,0,0,1,1,2,2,2,2,0,0,0,1,1,0,0,0,1,1,2,-480.665283267256,-1.32511342776396,2.8,2.63,3.1,2.8,3.1,2.63,2.8,3,2.6,2.79,2.92,2.62,2.8,3.05,2.6,2.6,3.2,2.5,2.94,3.12,2.75
"793",8,"2016-09-24","Sligo Rovers","Cork City","D",0,0,"D",-1,-2,-1,-2,-1,1,2,3,4,4,-1,0,1,1,2,1,1,2,2,3,1,1,0,-1,-1,4.2,5.2,5.2,5.2,6.2,-1,-4,-6,-9,-6,-1,1,3,3,1,4,5,6,7,9,1,2,4,4,4,-1,-2,-2,-1,-1,0,1,2,3,3,-1,-1,-1,-1,-1,0,0,1,1,1,0,0,1,1,2,1,1,1,1,1,0,1,2,2,3,1,1,1,1,2,0,0,0,0,0,1,2,3,3,4,0,0,0,1,2,1,2,3,4,5,0,0,0,0,0,0,1,2,3,3,1,1,1,1,1,0,0,0,0,0,4,-592.580779713185,-1.25331408901008,6.5,1.53,3.8,6.5,3.8,1.53,6.75,3.75,1.51,6,3.83,1.53,6.5,3.95,1.5,5.5,3.7,1.55,7.96,4.02,1.58
